Name_DecRadius,Class_Composition_SMASSII,Mass_kg,Radius_km,SMA_AU,Eccentricity,Inclination_deg,RotPeriod_hr,SciPotential_Score,DeltaV_Score,Total_WeightedScore,Subscr_Mass_Score,Subscr_Radius_Score,Subscr_Ecc_Score,Subscr_Inc_Score,Subscr_SMA_Score,Subscr_RotPer_Score
1 Ceres (r = 469.7 km),C (Primitive carbonaceous) [SMASSII],6.07684732893425e+20,469.7,2.765615652,0.07957632,10.58788658,9.07417,10,0,5.53,10,10,7,4,5,9
4 Vesta (r = 261.4 km),V (Basaltic achondrite) [SMASSII],2.0197348411274e+20,261.385,2.36154128,0.090167645,7.1440606,5.342127632,10,0,4.69,4,6,7,6,8,8
40 Harmonia (r = 55.6 km),S (Silicaceous stony) [SMASSII],1.94658851502981e+18,55.6255,2.267850124,0.046289374,4.255751122,8.91,10,0,4.27,1,2,8,7,9,9
207 Hedda (r = 28.9 km),Ch (Primitive carbonaceous) [SMASSII],1.42138662774707e+17,28.94,2.28406695,0.028484663,3.799517665,30.098,10,0,4.27,1,1,9,7,9,8
551 Ortrud (r = 40.6 km),C (Primitive carbonaceous) [SMASSII],3.91199283603391e+17,40.5565,2.968948508,0.11879151,0.394137917,17.416,10,0,4.23,1,2,7,10,4,9
20 Massalia (r = 67.8 km),S (Silicaceous stony) [SMASSII],3.53109897832522e+18,67.84,2.408407833,0.143763565,0.709255859,8.098,10,0,4.21,1,3,6,9,7,9
586 Thekla (r = 47.6 km),Ch (Primitive carbonaceous) [SMASSII],6.3252625902058e+17,47.6015,3.040349606,0.06546072,1.627925522,13.67,10,0,4.21,1,2,8,9,3,9
535 Montague (r = 39.6 km),C (Primitive carbonaceous) [Tholen],3.65535692720084e+17,39.6495,2.56854741,0.026283019,6.7734542,10.2482,10,0,4.15,1,2,9,6,6,9
203 Pompeja (r = 62.3 km),DCX: (Primitive dark (D-type)) [Tholen],1.41774175420592e+18,62.296,2.738525074,0.061096959,3.172082218,24.052,10,0,4.14,1,2,8,8,5,8
11 Parthenope (r = 71.4 km),Sk (Silicaceous stony) [SMASSII],4.12420781269155e+18,71.4435,2.453167331,0.100477347,4.635746376,13.7204,10,0,4.12,1,3,7,7,7,9
308 Polyxo (r = 64.3 km),T (Primitive transitional) [SMASSII],1.55821240111744e+18,64.289,2.748696377,0.0383797,4.363294009,12.031,10,0,4.12,1,2,8,7,5,10
160 Una (r = 40.6 km),C (Primitive carbonaceous) [SMASSII],3.93039684206864e+17,40.62,2.727665331,0.065609409,3.81880138,11.033,10,0,4.12,1,2,8,7,5,10
124 Alkeste (r = 44.3 km),S (Silicaceous stony) [SMASSII],9.84848010841236e+17,44.324,2.629848027,0.078409915,2.963479384,9.906,10,0,4.09,1,2,7,8,6,9
58 Concordia (r = 53.3 km),Ch (Primitive carbonaceous) [SMASSII],8.85897419655626e+17,53.2585,2.699846364,0.045696809,5.072163969,9.895,10,0,4.07,1,2,8,7,5,9
8 Flora (r = 73.7 km),S (Silicaceous stony) [Tholen],4.53585274636318e+18,73.7455,2.201307163,0.156333713,5.890326395,12.865,10,0,4.05,1,3,6,6,10,10
196 Philomela (r = 72.3 km),S (Silicaceous stony) [SMASSII],4.27662835423171e+18,72.313,3.114848198,0.013635638,7.261088871,8.334,10,0,4.05,1,3,9,6,2,9
442 Eichsfeldia (r = 31.1 km),Ch (Primitive carbonaceous) [SMASSII],1.76153070094742e+17,31.0855,2.345561248,0.070738745,6.068254581,11.871,10,0,4.05,1,1,8,6,8,10
91 Aegina (r = 51.7 km),Ch (Primitive carbonaceous) [SMASSII],8.10426203951578e+17,51.701,2.590333357,0.108182769,2.102439956,6.025,10,0,4.04,1,2,7,8,6,8
554 Peraga (r = 47.9 km),Ch (Primitive carbonaceous) [SMASSII],6.45914211563802e+17,47.935,2.375173895,0.152849824,2.935883674,13.7128,10,0,4.04,1,2,6,8,8,9
30 Urania (r = 46.4 km),Sl (Silicaceous stony) [SMASSII],1.12933759641939e+18,46.3935,2.365630917,0.126729371,2.093698421,13.686,10,0,4.04,1,2,6,8,8,9
270 Anahita (r = 25.7 km),S (Silicaceous stony) [Tholen],1.91978123999316e+17,25.7,2.198336238,0.150776801,2.36735832,15.06,10,0,4.04,1,1,6,8,10,9
83 Beatrix (r = 55.3 km),X (Metallic / enstatite) [SMASSII],2.47279932009949e+18,55.2515,2.431634711,0.083024511,4.966657446,10.111,10,0,4.02,1,2,7,7,7,9
26 Proserpina (r = 47.4 km),S (Silicaceous stony) [SMASSII],1.20444617977914e+18,47.4,2.655142704,0.088630933,3.554525042,13.11,10,0,4.02,1,2,7,7,6,10
447 Valentine (r = 42.6 km),TD (Primitive transitional) [Tholen],4.53745572151257e+17,42.612,2.984274684,0.045793002,4.797916905,9.651,10,0,4.02,1,2,8,7,4,9
10 Hygiea (r = 203.6 km),C (Primitive carbonaceous) [SMASSII],4.94645396484442e+19,203.56,3.147591335,0.108223833,3.832937411,13.828,8,0,4,2,5,7,7,2,9
147 Protogeneia (r = 66.5 km),C (Primitive carbonaceous) [SMASSII],1.72185141659986e+18,66.465,3.13721724,0.022022134,1.932861902,7.8528,8,0,3.99,1,2,9,8,2,9
21 Lutetia (r = 49.0 km),Xk (Metallic / enstatite) [SMASSII],1.7248244258102e+18,49,2.434023678,0.164783277,3.064568685,8.1655,10,0,3.99,1,2,6,8,7,9
52 Europa (r = 152.0 km),C (Primitive carbonaceous) [SMASSII],2.05776570881933e+19,151.959,3.092193381,0.11200166,7.480921969,5.6304,10,0,3.98,2,4,7,6,3,8
16 Psyche (r = 111.0 km),X (Metallic / enstatite) [SMASSII],2.00505176779678e+19,111,2.923314514,0.13434622,3.097291663,4.196,10,0,3.97,2,3,6,8,4,7
113 Amalthea (r = 25.1 km),S (Silicaceous stony) [SMASSII],1.78171164410089e+17,25.0685,2.376479402,0.086165969,5.042451701,9.95,10,0,3.97,1,1,7,7,8,9
261 Prymno (r = 25.0 km),X (Metallic / enstatite) [SMASSII],2.29225686734761e+17,25.0055,2.331033904,0.090406873,3.633978175,8.002,10,0,3.97,1,1,7,7,8,9
19 Fortuna (r = 100.0 km),Ch (Primitive carbonaceous) [SMASSII],5.86430628670095e+18,100,2.442063444,0.158036184,1.573309761,7.4432,8,0,3.96,1,3,6,9,7,8
51 Nemausa (r = 69.1 km),Ch (Primitive carbonaceous) [SMASSII],1.93314398010004e+18,69.0795,2.365547904,0.065927226,9.972945325,7.783,10,0,3.96,1,3,8,4,8,9
27 Euterpe (r = 48.0 km),S (Silicaceous stony) [SMASSII],1.25076605308489e+18,48,2.347173046,0.171563731,1.583323523,10.4082,8,0,3.96,1,2,6,9,8,9
569 Misa (r = 36.5 km),Cg (Primitive carbonaceous) [SMASSII],2.8457880193474e+17,36.475,2.659432718,0.178813911,1.287765648,11.595,10,0,3.96,1,2,5,9,6,10
184 Dejopeja (r = 31.2 km),X (Metallic / enstatite) [SMASSII],4.47046075000572e+17,31.2415,3.190652642,0.058923487,1.129909202,6.4416,10,0,3.96,1,1,8,9,1,8
64 Angelina (r = 29.1 km),Xe (Metallic / enstatite) [SMASSII],3.62989059302797e+17,29.146,2.680924509,0.126549921,1.305823278,8.752,10,0,3.96,1,1,6,9,6,9
48 Doris (r = 108.2 km),Ch (Primitive carbonaceous) [SMASSII],7.43597405187208e+18,108.2365,3.112870762,0.066263528,6.557769141,11.89,10,0,3.95,1,3,8,6,2,10
230 Athamantis (r = 55.7 km),Sl (Silicaceous stony) [SMASSII],1.95084344749292e+18,55.666,2.382363567,0.061101253,9.454642103,24.0055,10,0,3.93,1,2,8,5,8,8
111 Ate (r = 63.2 km),Ch (Primitive carbonaceous) [SMASSII],1.47839513618475e+18,63.172,2.592676262,0.103490448,4.93242622,22.072,10,0,3.92,1,2,7,7,6,8
514 Armida (r = 60.0 km),XC (Metallic / enstatite) [Tholen],3.17409373887885e+18,60.0465,3.047209405,0.03680491,3.880789249,21.851,10,0,3.92,1,2,8,7,3,8
206 Hersilia (r = 56.5 km),C (Primitive carbonaceous) [SMASSII],1.05769874352024e+18,56.5,2.74199902,0.040829469,3.780685768,11.122,8,0,3.92,1,2,8,7,5,10
335 Roberta (r = 48.6 km),B (Primitive carbonaceous) [SMASSII],6.71282157199577e+17,48.5545,2.47641983,0.171527139,5.102492383,12.054,10,0,3.92,1,2,6,7,7,10
24 Themis (r = 99.0 km),B (Primitive carbonaceous) [SMASSII],5.69013052567964e+18,99,3.143254185,0.115343007,0.736699519,8.374,8,0,3.91,1,3,7,9,2,9
287 Nephthys (r = 29.8 km),S (Silicaceous stony) [Tholen],2.99522209907013e+17,29.8075,2.352920214,0.023712531,10.03368071,7.605,10,0,3.91,1,1,9,4,8,9
29 Amphitrite (r = 94.8 km),S (Silicaceous stony) [SMASSII],9.62931986665336e+18,94.7795,2.554121109,0.073350274,6.077438248,5.3921,10,0,3.9,1,3,7,6,6,8
34 Circe (r = 66.5 km),Ch (Primitive carbonaceous) [SMASSII],1.72426181125493e+18,66.496,2.687939082,0.106784,5.4958795,12.15,10,0,3.9,1,2,7,6,6,10
195 Eurykleia (r = 46.6 km),Ch (Primitive carbonaceous) [SMASSII],5.91700103045258e+17,46.5545,2.877870145,0.038788957,6.955347203,16.521,10,0,3.9,1,2,8,6,4,9
377 Campania (r = 45.2 km),Ch (Primitive carbonaceous) [SMASSII],5.40571874270093e+17,45.173,2.690377469,0.075225552,6.677600597,11.664,10,0,3.9,1,2,7,6,6,10
438 Zeuxo (r = 29.4 km),F: (Primitive carbonaceous) [Tholen],1.49565317338538e+17,29.4355,2.555337478,0.066755872,7.363893502,8.831,10,0,3.9,1,1,8,6,6,9
224 Oceana (r = 29.1 km),M (Metallic (M-type)) [Tholen],3.61943914234238e+17,29.118,2.645075464,0.044743756,5.844821719,9.401,10,0,3.9,1,1,8,6,6,9
371 Bohemia (r = 26.5 km),S (Silicaceous stony) [SMASSII],2.10184108350154e+17,26.488,2.727395351,0.062142386,7.402211493,10.7391,10,0,3.9,1,1,8,6,5,10
338 Budrosa (r = 25.3 km),Xk (Metallic / enstatite) [SMASSII],2.36099784053098e+17,25.253,2.913290744,0.017591816,6.038359374,4.6084,10,0,3.9,1,1,9,6,4,8
268 Adorea (r = 72.3 km),FC (Primitive carbonaceous) [Tholen],2.21562560763979e+18,72.2925,3.090791214,0.137194364,2.440908736,7.8,10,0,3.89,1,3,6,8,3,9
142 Polana (r = 27.4 km),B (Primitive carbonaceous) [SMASSII],1.20712878219321e+17,27.406,2.419144708,0.132763333,2.242569382,9.764,10,0,3.89,1,1,6,8,7,9
138 Tolosa (r = 26.5 km),S (Silicaceous stony) [Tholen],2.09340155600623e+17,26.4525,2.451144098,0.161885579,3.198844169,10.101,10,0,3.89,1,1,6,8,7,9
389 Industria (r = 37.2 km),S (Silicaceous stony) [SMASSII],5.81695728763065e+17,37.189,2.608414219,0.066415512,8.123491198,8.4973,10,0,3.88,1,2,8,5,6,9
47 Aglaja (r = 84.1 km),B (Primitive carbonaceous) [SMASSII],3.48660878300839e+18,84.087,2.881138964,0.133314138,4.969777119,13.178,10,0,3.87,1,3,6,7,4,10
212 Medea (r = 68.1 km),DCX: (Primitive dark (D-type)) [Tholen],1.84881084176173e+18,68.06,3.11730023,0.102875422,4.277943619,10.283,10,0,3.87,1,3,7,7,2,9
114 Kassandra (r = 47.1 km),Xk (Metallic / enstatite) [SMASSII],1.53078802698526e+18,47.089,2.675073687,0.138981508,4.945921051,10.7431,10,0,3.87,1,2,6,7,6,10
43 Ariadne (r = 35.7 km),Sk (Silicaceous stony) [SMASSII],5.13288697707813e+17,35.67,2.203478106,0.168147324,3.470553261,5.76218,10,0,3.87,1,1,6,7,10,8
738 Alagasta (r = 31.4 km),CGSU (Primitive carbonaceous) [Tholen],1.81467187028392e+17,31.395,3.03538954,0.05640515,3.530931716,17.89,10,0,3.87,1,1,8,7,3,9
205 Martha (r = 38.5 km),Ch (Primitive carbonaceous) [SMASSII],3.34434561297774e+17,38.4915,2.777004701,0.035894377,10.70634164,14.911,10,0,3.86,1,2,9,4,5,9
45 Eugenia (r = 101.2 km),C (Primitive carbonaceous) [SMASSII],6.07139074447958e+18,101.1635,2.721582321,0.082172422,6.605637305,5.699,10,0,3.85,1,3,7,6,5,8
209 Dido (r = 89.5 km),Xc (Metallic / enstatite) [SMASSII],1.05119669729107e+19,89.504,3.150129367,0.053284558,7.165048851,5.7366,10,0,3.85,1,3,8,6,2,8
388 Charybdis (r = 62.9 km),C (Primitive carbonaceous) [SMASSII],1.45778031716443e+18,62.877,3.004874768,0.064992709,6.448123336,9.516,10,0,3.85,1,2,8,6,3,9
110 Lydia (r = 43.0 km),X (Metallic / enstatite) [SMASSII],1.1692968779707e+18,43.045,2.732703531,0.07910006,5.95940309,10.927,10,0,3.85,1,2,7,6,5,10
454 Mathesis (r = 40.9 km),CB (Primitive carbonaceous) [Tholen],4.00385531574749e+17,40.8715,2.626595668,0.11181948,6.292830232,8.378,10,0,3.85,1,2,7,6,6,9
32 Pomona (r = 40.4 km),S (Silicaceous stony) [SMASSII],7.44648497038325e+17,40.38,2.587847794,0.081306691,5.520820472,9.448,10,0,3.85,1,2,7,6,6,9
72 Feronia (r = 37.5 km),TDG (Primitive transitional) [Tholen],3.08830136755693e+17,37.483,2.266170521,0.121401141,5.417802768,8.097,10,0,3.85,1,2,6,6,9,9
104 Klymene (r = 68.3 km),Ch (Primitive carbonaceous) [SMASSII],1.86651031965322e+18,68.2765,3.143270972,0.16249413,2.789722819,8.984,10,0,3.84,1,3,6,8,2,9
150 Nuwa (r = 59.6 km),Cb (Primitive carbonaceous) [SMASSII],1.23927648705022e+18,59.564,2.984739457,0.123917425,2.20152013,8.1347,10,0,3.84,1,2,6,8,4,9
135 Hertha (r = 39.6 km),Xk (Metallic / enstatite) [SMASSII],9.11801006487599e+17,39.62,2.426899165,0.208371923,2.303289052,8.403,10,0,3.84,1,2,5,8,7,9
112 Iphigenia (r = 34.9 km),Ch (Primitive carbonaceous) [SMASSII],2.4947605603684e+17,34.909,2.433857452,0.127916087,2.597037723,31.466,10,0,3.84,1,1,6,8,7,8
77 Frigga (r = 30.7 km),Xe (Metallic / enstatite) [SMASSII],4.239938593461e+17,30.695,2.667440225,0.133542443,2.421201244,9.0032,10,0,3.84,1,1,6,8,6,9
345 Tercidina (r = 45.1 km),Ch (Primitive carbonaceous) [SMASSII],5.38725125665954e+17,45.1215,2.32532625,0.061261474,9.743466148,12.371,8,0,3.83,1,2,8,5,8,10
613 Ginevra (r = 40.7 km),P (Primitive dark (P-type)) [Tholen],9.86377688856336e+17,40.672,2.92065114,0.056403765,7.669401587,12.906,10,0,3.83,1,2,8,5,4,10
559 Nanon (r = 39.9 km),Xk (Metallic / enstatite) [SMASSII],9.31969794659093e+17,39.91,2.710763639,0.066551319,9.312929463,10.059,10,0,3.83,1,2,8,5,5,9
423 Diotima (r = 87.9 km),C (Primitive carbonaceous) [SMASSII],3.98676333734433e+18,87.9295,3.066783528,0.033872916,11.24258762,4.775,10,0,3.81,1,3,9,4,3,8
241 Germania (r = 84.5 km),B (Primitive carbonaceous) [SMASSII],3.53195861925212e+18,84.45,3.045694065,0.106251007,5.517921865,15.51,10,0,3.8,1,3,7,6,3,9
120 Lachesis (r = 77.6 km),C (Primitive carbonaceous) [SMASSII],2.73672294050063e+18,77.566,3.120262759,0.049000114,6.941077196,46.551,10,0,3.8,1,3,8,6,2,7
63 Ausonia (r = 58.0 km),Sa (Silicaceous stony) [SMASSII],2.20917671784126e+18,58.022,2.394579216,0.128157107,5.773344963,9.298,10,0,3.8,1,2,6,6,8,9
494 Virtus (r = 50.4 km),Ch (Primitive carbonaceous) [SMASSII],7.50459545008264e+17,50.393,2.985633761,0.064234988,7.077691633,40.42,10,0,3.8,1,2,8,6,4,7
17 Thetis (r = 42.4 km),Sl (Silicaceous stony) [SMASSII],8.65107567510849e+17,42.4495,2.472822588,0.131258395,5.59392353,12.27048,10,0,3.8,1,2,6,6,7,10
119 Althaea (r = 28.6 km),Sl (Silicaceous stony) [SMASSII],2.65966079988851e+17,28.65,2.580817835,0.081873975,5.786828662,11.484,10,0,3.8,1,1,7,6,6,10
431 Nephele (r = 51.0 km),B (Primitive carbonaceous) [SMASSII],7.75620376503527e+17,50.95,3.145882266,0.171735961,1.829988468,13.53,10,0,3.79,1,2,6,8,2,10
240 Vanadis (r = 44.0 km),C (Primitive carbonaceous) [SMASSII],4.9831991359846e+17,43.964,2.662520688,0.208908179,2.106269936,10.565,10,0,3.79,1,2,5,8,6,9
59 Elpis (r = 82.6 km),B (Primitive carbonaceous) [SMASSII],3.3000293867159e+18,82.5595,2.713657457,0.11662738,8.64827569,13.671,10,0,3.78,1,3,7,5,5,9
211 Isolda (r = 70.6 km),Ch (Primitive carbonaceous) [SMASSII],2.06033823833093e+18,70.5625,3.047970718,0.15457111,3.87368625,18.365,10,0,3.77,1,3,6,7,3,9
163 Erigone (r = 40.8 km),Ch (Primitive carbonaceous) [SMASSII],3.9798049716437e+17,40.7895,2.366634135,0.191972551,4.815056163,16.136,10,0,3.77,1,2,5,7,8,9
257 Silesia (r = 36.3 km),Ch (Primitive carbonaceous) [SMASSII],2.81198395675082e+17,36.33,3.119250613,0.112404588,3.612006069,15.7095,10,0,3.77,1,2,7,7,2,9
363 Padua (r = 48.5 km),X (Metallic / enstatite) [SMASSII],1.67256062862569e+18,48.5,2.746369557,0.072963673,5.950233824,8.401,8,0,3.75,1,2,8,6,5,9
407 Arachne (r = 47.5 km),C (Primitive carbonaceous) [Tholen],6.2987901507066e+17,47.535,2.624729051,0.070294903,7.521041637,22.627,8,0,3.75,1,2,8,6,6,8
103 Hera (r = 42.0 km),S (Silicaceous stony) [SMASSII],8.351654026658e+17,41.954,2.702774435,0.081043207,5.426017176,23.74,10,0,3.75,1,2,7,6,5,8
380 Fiducia (r = 33.8 km),C (Primitive carbonaceous) [Tholen],2.25523801301824e+17,33.754,2.67885292,0.114763823,6.163949444,13.69,10,0,3.75,1,1,7,6,6,9
46 Hestia (r = 65.7 km),Xc (Metallic / enstatite) [SMASSII],4.16443958058955e+18,65.7355,2.525879736,0.171929293,2.351324432,21.04,8,0,3.74,1,2,6,8,7,8
37 Fides (r = 54.2 km),S (Silicaceous stony) [SMASSII],1.79824612630237e+18,54.175,2.643038375,0.174714191,3.067627078,7.3335,10,0,3.74,1,2,5,8,6,8
62 Erato (r = 53.5 km),Ch (Primitive carbonaceous) [SMASSII],8.96015853361981e+17,53.4605,3.129557891,0.167973531,2.236946111,9.2213,10,0,3.74,1,2,6,8,2,9
223 Rosa (r = 39.9 km),X (Metallic / enstatite) [Tholen],9.31479493151302e+17,39.903,3.092318254,0.120681176,1.923022826,20.283,10,0,3.74,1,2,6,8,3,8
66 Maja (r = 35.9 km),Ch (Primitive carbonaceous) [SMASSII],2.71558161876537e+17,35.91,2.646772517,0.172075626,3.043199894,9.73509,8,0,3.74,1,2,6,8,6,9
468 Lina (r = 30.1 km),CPF (Primitive carbonaceous) [Tholen],1.6022795523285e+17,30.119,3.136337948,0.194873817,0.435622664,16.33,10,0,3.73,1,1,5,10,2,9
558 Carmen (r = 27.4 km),M (Metallic (M-type)) [Tholen],3.0176567854346e+17,27.4055,2.908682275,0.038309235,8.373423611,11.387,10,0,3.73,1,1,8,5,4,10
210 Isabella (r = 43.3 km),Cb (Primitive carbonaceous) [SMASSII],4.76905530851726e+17,43.325,2.721803506,0.123283815,5.258795127,6.672,10,0,3.72,1,2,6,7,5,8
44 Nysa (r = 35.3 km),Xc (Metallic / enstatite) [SMASSII],6.45979503545616e+17,35.32,2.423190705,0.149877697,3.71255278,6.422,10,0,3.72,1,1,6,7,7,8
271 Penthesilea (r = 33.0 km),PC (Primitive dark (P-type)) [Tholen],5.24496604397309e+17,32.9505,3.003597126,0.103664727,3.53189534,18.787,10,0,3.72,1,1,7,7,3,9
409 Aspasia (r = 85.5 km),Xc (Metallic / enstatite) [SMASSII],9.16529451557314e+18,85.506,2.575146719,0.073320511,11.28516083,9.022,10,0,3.71,1,3,7,4,6,9
38 Leda (r = 46.1 km),Cgh (Primitive carbonaceous) [SMASSII],5.75567678221185e+17,46.1275,2.742576316,0.150928237,6.951653968,12.838,10,0,3.7,1,2,6,6,5,10
213 Lilaea (r = 41.0 km),B (Primitive carbonaceous) [SMASSII],4.05595053568732e+17,41.048,2.754601345,0.145640533,6.819570364,12.042,10,0,3.7,1,2,6,6,5,10
336 Lacadiera (r = 31.7 km),Xk (Metallic / enstatite) [SMASSII],4.66047214999749e+17,31.678,2.252265555,0.094785448,5.648363676,13.6958,8,0,3.7,1,1,7,6,9,9
49 Pales (r = 83.1 km),Ch (Primitive carbonaceous) [SMASSII],3.36842819268605e+18,83.126,3.098062538,0.221474352,3.201655558,20.705,10,0,3.69,1,3,5,8,3,8
146 Lucina (r = 80.2 km),Ch (Primitive carbonaceous) [SMASSII],3.0200108297281e+18,80.155,2.720696356,0.064552059,13.09647403,18.557,10,0,3.69,1,3,8,3,5,9
171 Ophelia (r = 65.4 km),C (Primitive carbonaceous) [SMASSII],1.6407014978555e+18,65.404,3.127973571,0.132783216,2.547010098,6.66535,10,0,3.69,1,2,6,8,2,8
449 Hamburga (r = 42.8 km),C (Primitive carbonaceous) [Tholen],4.59616633209522e+17,42.795,2.550231152,0.173737919,3.079210625,36.516,10,0,3.69,1,2,5,8,6,7
1262 Sniadeckia (1933 FE) (r = 35.5 km),C (Primitive carbonaceous) [SMASSII],2.62484427933963e+17,35.5055,3.006516732,0.003833966,13.14348902,17.57,10,0,3.69,1,1,10,3,3,9
82 Alkmene (r = 28.8 km),Sq (Silicaceous stony) [SMASSII],2.70461068691468e+17,28.8105,2.763971493,0.221103398,2.825140389,12.999,10,0,3.69,1,1,5,8,5,10
349 Dembowska (r = 69.9 km),R (Pyroxene-olivine) [SMASSII],3.86015089683828e+18,69.885,2.925403407,0.088567515,8.248170268,4.701,10,0,3.68,1,3,7,5,4,8
233 Asterope (r = 49.8 km),K (Eos-family stony) [SMASSII],1.39985129994776e+18,49.836,2.658789536,0.101640759,7.690731362,19.694,10,0,3.68,1,2,7,5,6,8
362 Havnia (r = 49.0 km),XC (Metallic / enstatite) [Tholen],1.7248244258102e+18,49,2.578214969,0.044653261,8.05730767,16.92,8,0,3.68,1,2,8,5,6,9
235 Carolina (r = 28.8 km),S (Silicaceous stony) [Tholen],2.68999246771419e+17,28.7585,2.881647683,0.0601369,9.029523656,17.61,10,0,3.68,1,1,8,5,4,9
106 Dione (r = 103.9 km),Cgh (Primitive carbonaceous) [SMASSII],6.58409120676913e+18,103.9345,3.182491001,0.158853256,4.575003943,16.21,10,0,3.67,1,3,6,7,1,9
476 Hedwig (r = 69.2 km),X (Metallic / enstatite) [SMASSII],4.86799513457665e+18,69.2465,2.649796649,0.07495169,10.92544809,27.33,10,0,3.66,1,3,7,4,6,8
143 Adria (r = 47.7 km),Xc (Metallic / enstatite) [SMASSII],1.59000188994201e+18,47.6885,2.763971165,0.071514023,11.44452917,22.005,10,0,3.66,1,2,8,4,5,8
9 Metis (r = 95.0 km),S (Silicaceous stony) [Tholen],9.69668280493757e+18,95,2.386566544,0.122564495,5.577707857,5.079,8,0,3.65,1,3,6,6,8,8
128 Nemesis (r = 81.3 km),C (Primitive carbonaceous) [SMASSII],3.14634987431064e+18,81.2575,2.749973114,0.12700639,6.246829389,38.9325,10,0,3.65,1,3,6,6,5,7
331 Etheridgea (r = 37.5 km),C (Primitive carbonaceous) [SMASSII],3.0826198035168e+17,37.46,3.025862756,0.095198248,6.035604477,25.315,10,0,3.65,1,2,7,6,3,8
508 Princetonia (r = 58.6 km),C (Primitive carbonaceous) [Tholen],1.18131359006196e+18,58.6205,3.164497089,0.009215749,13.29835661,52.8,10,0,3.64,1,2,10,3,2,7
140 Siwa (r = 54.9 km),Xc (Metallic / enstatite) [SMASSII],2.42524167178609e+18,54.895,2.730571574,0.217954256,3.191291075,34.445,10,0,3.64,1,2,5,8,5,7
222 Lucia (r = 27.7 km),BU (Primitive carbonaceous) [Tholen],1.24302405626994e+17,27.675,3.150292056,0.130703069,2.140803662,7.8371,10,0,3.64,1,1,6,8,2,9
117 Lomia (r = 104.5 km),X (Metallic / enstatite) [SMASSII],1.67241261093904e+19,104.487,2.991884567,0.022921092,14.921925,9.127,10,0,3.63,2,3,9,1,3,9
346 Hermentaria (r = 43.2 km),S (Silicaceous stony) [SMASSII],9.13297283040166e+17,43.2235,2.79499908,0.102744667,8.757979897,28.523,10,0,3.63,1,2,7,5,5,8
88 Thisbe (r = 116.0 km),B (Primitive carbonaceous) [SMASSII],9.15357222568636e+18,116,2.766963824,0.16528953,5.226419823,6.042,8,0,3.62,1,3,6,7,5,8
419 Aurelia (r = 74.4 km),F (Primitive carbonaceous) [Tholen],2.41028459672399e+18,74.3505,2.59570823,0.252281007,3.931316125,16.784,10,0,3.62,1,3,4,7,6,9
144 Vibilia (r = 71.2 km),Ch (Primitive carbonaceous) [SMASSII],2.11579518176805e+18,71.19,2.653452344,0.235600232,4.816044481,13.819,10,0,3.62,1,3,4,7,6,9
693 Zerbinetta (r = 41.1 km),ST (Silicaceous stony) [Tholen],7.82733662189919e+17,41.057,2.943115906,0.029712901,14.19131421,11.475,10,0,3.62,1,2,9,2,4,10
333 Badenia (r = 36.1 km),C: (Primitive carbonaceous) [Tholen],2.75879992236566e+17,36.0995,3.129674259,0.159762863,3.738775443,9.862,10,0,3.62,1,2,6,7,2,9
301 Bavaria (r = 26.5 km),C (Primitive carbonaceous) [SMASSII],1.09392193707262e+17,26.521,2.724623302,0.065557637,4.898390716,12.253,6,0,3.62,1,1,8,7,5,10
248 Lameia (r = 25.1 km),Unknown (Unclassified),1.3184443545192e+17,25.06,2.470510814,0.067899321,4.0652505,11.912,5,0,3.62,1,1,8,7,7,10
39 Laetitia (r = 89.7 km),S (Silicaceous stony) [SMASSII],8.17409358401465e+18,89.742,2.770985906,0.113063597,10.37524429,5.138,10,0,3.61,1,3,7,4,5,8
177 Irma (r = 34.5 km),Ch (Primitive carbonaceous) [SMASSII],2.41323067959625e+17,34.5245,2.77206281,0.234689857,1.381489943,13.856,10,0,3.61,1,1,4,9,5,9
159 Aemilia (r = 62.6 km),Ch (Primitive carbonaceous) [SMASSII],1.43983995793656e+18,62.618,3.108003631,0.099366867,6.114337921,24.476,10,0,3.6,1,2,7,6,2,8
55 Pandora (r = 42.4 km),X (Metallic / enstatite) [SMASSII],1.1172800265575e+18,42.397,2.757849808,0.145062578,7.176481152,4.804,10,0,3.6,1,2,6,6,5,8
133 Cyrene (r = 36.1 km),S (Silicaceous stony) [SMASSII],5.31523859312461e+17,36.0875,3.074195082,0.130296883,7.224512738,12.708,10,0,3.6,1,2,6,6,3,10
90 Antiope (r = 58.0 km),C (Primitive carbonaceous) [SMASSII],1.14342732711611e+18,57.987,3.141267866,0.172446553,2.205400175,16.509,10,0,3.59,1,2,5,8,2,9
517 Edith (r = 55.9 km),X (Metallic / enstatite) [Tholen],2.56708641366266e+18,55.945,3.155536185,0.179670817,3.2284101,9.2747,10,0,3.59,1,2,5,8,2,9
379 Huenna (r = 42.4 km),C (Primitive carbonaceous) [SMASSII],4.4680133796371e+17,42.3935,3.141891752,0.179050249,1.671030004,14.141,10,0,3.59,1,2,5,8,2,9
1171 Rusthawelia (1930 TA) (r = 41.1 km),P (Primitive dark (P-type)) [Tholen],1.01892376800012e+18,41.1145,3.174075375,0.194805301,3.086319072,10.98,10,0,3.59,1,2,5,8,1,10
94 Aurora (r = 102.4 km),C (Primitive carbonaceous) [SMASSII],6.30505595799797e+18,102.445,3.1563619,0.096384844,7.969781987,7.22,10,0,3.58,1,3,7,5,2,8
93 Minerva (r = 77.1 km),C (Primitive carbonaceous) [SMASSII],2.68534138334521e+18,77.0775,2.752986528,0.142909307,8.539724129,5.982,10,0,3.58,1,3,6,5,5,8
179 Klytaemnestra (r = 35.0 km),Sk (Silicaceous stony) [SMASSII],4.83783483250741e+17,34.973,2.972734515,0.109265647,7.817421377,11.173,10,0,3.58,1,1,7,5,4,10
441 Bathilde (r = 32.6 km),Xk (Metallic / enstatite) [SMASSII],5.06325622568773e+17,32.5655,2.805898933,0.082511137,8.159433282,10.446,10,0,3.58,1,1,7,5,5,9
275 Sapientia (r = 51.5 km),C (Primitive carbonaceous) [SMASSII],8.01010726968483e+17,51.5,2.77377234,0.162130091,4.765853424,14.933,8,0,3.57,1,2,6,7,5,9
79 Eurynome (r = 31.7 km),S (Silicaceous stony) [SMASSII],3.61620145208418e+17,31.7395,2.443945323,0.191024948,4.613161362,5.978,10,0,3.57,1,1,5,7,7,8
743 Eugenisis (r = 25.5 km),Ch (Primitive carbonaceous) [SMASSII],9.76506759766296e+16,25.536,2.792330362,0.059160864,4.840508586,10.23,6,0,3.57,1,1,8,7,5,9
18 Melpomene (r = 69.8 km),S (Silicaceous stony) [SMASSII],3.84558701133674e+18,69.797,2.295556956,0.217961979,10.13085816,11.57,10,0,3.56,1,3,5,4,8,10
172 Baucis (r = 31.2 km),L (Spinel-bearing stony) [SMASSII],3.43987286165936e+17,31.215,2.379719179,0.114132777,10.0160019,27.417,10,0,3.56,1,1,7,4,8,8
487 Venetia (r = 29.5 km),S (Silicaceous stony) [Tholen],2.9102736893856e+17,29.523,2.669459303,0.08623071,10.25348892,13.34,10,0,3.56,1,1,7,4,6,10
954 Li (r = 29.4 km),FCX (Primitive carbonaceous) [Tholen],1.48804443197596e+17,29.3855,3.128560966,0.173666135,1.172665122,7.207,10,0,3.56,1,1,5,9,2,8
402 Chloe (r = 27.7 km),K (Eos-family stony) [SMASSII],2.40649774943931e+17,27.7105,2.558965214,0.111406215,11.83877174,10.664,10,0,3.56,1,1,7,4,6,10
200 Dynamene (r = 64.2 km),Ch (Primitive carbonaceous) [SMASSII],1.54816334983369e+18,64.1505,2.73802494,0.133598782,6.900311478,37.394,10,0,3.55,1,2,6,6,5,7
5 Astraea (r = 53.3 km),S (Silicaceous stony) [SMASSII],1.7172891814517e+18,53.3495,2.576864645,0.187508617,5.359248121,16.806,10,0,3.55,1,2,5,6,6,9
342 Endymion (r = 32.1 km),Ch (Primitive carbonaceous) [SMASSII],1.94567575441131e+17,32.133,2.567688182,0.129933999,7.352460379,6.319,10,0,3.55,1,1,6,6,6,8
307 Nike (r = 30.7 km),CX (Primitive carbonaceous) [Tholen],1.68960177484348e+17,30.6565,2.906696288,0.1429513,6.128539503,11.857,10,0,3.55,1,1,6,6,4,10
232 Russia (r = 27.4 km),C (Primitive carbonaceous) [Tholen],1.20171920668989e+17,27.365,2.554708445,0.171524317,6.066110817,21.905,10,0,3.55,1,1,6,6,6,8
489 Comacina (r = 69.7 km),C (Primitive carbonaceous) [Tholen],1.98527883340563e+18,69.695,3.151507718,0.048867703,12.99412567,9.02,10,0,3.54,1,3,8,3,2,9
69 Hesperia (r = 69.1 km),X (Metallic / enstatite) [SMASSII],4.8298172923976e+18,69.065,2.977057203,0.168952904,8.585627803,5.655,10,0,3.53,1,3,6,5,4,8
28 Bellona (r = 60.5 km),S (Silicaceous stony) [SMASSII],2.4982810228861e+18,60.45,2.777283791,0.148986451,9.423244063,15.706,10,0,3.53,1,2,6,5,5,9
12 Victoria (r = 57.5 km),L (Spinel-bearing stony) [SMASSII],2.15496983099517e+18,57.5435,2.333839594,0.219930701,8.374034564,8.6599,10,0,3.53,1,2,5,5,8,9
567 Eleutheria (r = 46.7 km),CFB: (Primitive carbonaceous) [Tholen],5.97457165630601e+17,46.705,3.141528185,0.08334009,9.228971002,7.717,10,0,3.53,1,2,7,5,2,9
202 Chryseis (r = 43.1 km),S (Silicaceous stony) [Tholen],9.03916328890327e+17,43.075,3.067590752,0.105139885,8.853205423,23.67,10,0,3.53,1,2,7,5,3,8
639 Latona (r = 39.3 km),S (Silicaceous stony) [Tholen],6.84101784529782e+17,39.2545,3.013448113,0.110680799,8.574335043,6.193,10,0,3.53,1,2,7,5,3,8
337 Devosa (r = 32.3 km),X (Metallic / enstatite) [SMASSII],4.92873220652714e+17,32.2745,2.383598881,0.137226516,7.859353334,4.653,10,0,3.53,1,1,6,5,8,8
932 Hooveria (r = 29.5 km),CB (Primitive carbonaceous) [Tholen],1.50382320283145e+17,29.489,2.419281096,0.09125474,8.109630089,78.44,10,0,3.53,1,1,7,5,7,6
255 Oppavia (r = 28.5 km),X (Metallic / enstatite) [Tholen],3.38295462884772e+17,28.4695,2.74659021,0.078962205,9.460609648,19.499,10,0,3.53,1,1,7,5,5,8
503 Evelyn (r = 40.8 km),Ch (Primitive carbonaceous) [SMASSII],3.9946050363654e+17,40.84,2.725463951,0.173170368,5.011308204,38.871,10,0,3.52,1,2,5,7,5,7
245 Vera (r = 38.0 km),S (Silicaceous stony) [SMASSII],6.193391966754e+17,37.9745,3.095080969,0.197575892,5.179189068,14.38,10,0,3.52,1,2,5,7,3,9
116 Sirona (r = 35.9 km),Sk (Silicaceous stony) [SMASSII],5.21098536519305e+17,35.85,2.768396033,0.138052693,3.561361782,12.028,8,0,3.52,1,1,6,7,5,10
425 Cornelia (r = 34.0 km),C (Primitive carbonaceous) [SMASSII],2.29728882112091e+17,33.9625,2.886421238,0.057244226,4.051284529,17.505,6,0,3.52,1,1,8,7,4,9
191 Kolga (r = 47.3 km),Cb (Primitive carbonaceous) [SMASSII],6.19324592474204e+17,47.268,2.896511601,0.087022497,11.52126785,17.604,10,0,3.51,1,2,7,4,4,9
589 Croatia (r = 46.8 km),CX (Primitive carbonaceous) [Tholen],6.01437935389439e+17,46.8085,3.133353283,0.040304487,10.79903408,24.932,10,0,3.51,1,2,8,4,2,8
192 Nausikaa (r = 49.4 km),Sl (Silicaceous stony) [SMASSII],1.36243782360645e+18,49.388,2.403374329,0.245258603,6.79542009,13.625,10,0,3.5,1,2,4,6,8,9
758 Mancunia (r = 44.5 km),X (Metallic / enstatite) [Tholen],1.29127005882916e+18,44.4925,3.190974233,0.148204802,5.608781278,12.7253,10,0,3.5,1,2,6,6,1,10
100 Hekate (r = 42.9 km),S (Silicaceous stony) [SMASSII],8.90884999212278e+17,42.867,3.090445716,0.167976153,6.430925832,27.066,10,0,3.5,1,2,6,6,3,8
67 Asia (r = 28.2 km),S (Silicaceous stony) [SMASSII],2.52403766038996e+17,28.1545,2.422211935,0.185714287,6.024430014,15.853,10,0,3.5,1,1,5,6,7,9
417 Suevia (r = 27.4 km),Xk (Metallic / enstatite) [SMASSII],3.0280742733763e+17,27.437,2.800181479,0.134952223,6.645356661,7.034,10,0,3.5,1,1,6,6,5,8
15 Eunomia (r = 115.8 km),S (Silicaceous stony) [SMASSII],1.7582419258727e+19,115.8445,2.642186114,0.187781331,11.76143491,6.083,10,0,3.49,2,3,5,4,6,8
238 Hypatia (r = 77.8 km),Ch (Primitive carbonaceous) [SMASSII],2.76470861770527e+18,77.8295,2.905019778,0.091759912,12.40639712,8.8749,10,0,3.49,1,3,7,3,4,9
50 Virginia (r = 42.0 km),Ch (Primitive carbonaceous) [SMASSII],4.35623990651954e+17,42.037,2.651119343,0.284555655,2.839129815,14.315,10,0,3.49,1,2,3,8,6,9
14 Irene (r = 76.0 km),S (Silicaceous stony) [SMASSII],4.96470159612804e+18,76,2.587873257,0.162670165,9.129549915,15.028,8,0,3.48,1,3,6,5,6,9
490 Veritas (r = 59.4 km),Ch (Primitive carbonaceous) [SMASSII],1.2291613071249e+18,59.4015,3.175356698,0.088500881,9.290085707,7.93,10,0,3.48,1,2,7,5,1,9
42 Isis (r = 55.5 km),L (Spinel-bearing stony) [SMASSII],1.93328601469612e+18,55.4985,2.443792161,0.221926553,8.510020395,13.59,10,0,3.48,1,2,5,5,7,9
976 Benjamina (r = 41.6 km),XD: (Metallic / enstatite) [Tholen],1.05525725072615e+18,41.5975,3.192268311,0.110324287,7.726733152,9.701,10,0,3.48,1,2,7,5,1,9
429 Lotis (r = 34.8 km),C (Primitive carbonaceous) [Tholen],2.47359568607317e+17,34.81,2.606169001,0.124270096,9.543655478,13.577,10,0,3.48,1,1,6,5,6,9
524 Fidelio (r = 32.8 km),XC (Metallic / enstatite) [Tholen],5.15617349924766e+17,32.7635,2.636432641,0.126516455,8.221300931,14.198,10,0,3.48,1,1,6,5,6,9
792 Metcalfia (r = 30.9 km),X (Metallic / enstatite) [SMASSII],4.32629787473594e+17,30.902,2.622321593,0.130694327,8.627668966,9.17,10,0,3.48,1,1,6,5,6,9
74 Galatea (r = 59.4 km),C (Primitive carbonaceous) [SMASSII],1.22627697237315e+18,59.355,2.78221713,0.236797638,4.070780613,17.268,10,0,3.47,1,2,4,7,5,9
86 Semele (r = 55.0 km),C (Primitive carbonaceous) [Tholen],9.73785918044598e+17,54.9645,3.10611274,0.217691675,4.820781591,16.634,10,0,3.47,1,2,5,7,2,9
53 Kalypso (r = 48.6 km),XC (Metallic / enstatite) [Tholen],1.68615018238399e+18,48.631,2.618578447,0.20298836,5.181938586,9.036,8,0,3.47,1,2,5,7,6,9
102 Miriam (r = 41.3 km),C (Primitive carbonaceous) [SMASSII],4.13036023150384e+17,41.2975,2.664138789,0.251265044,5.171916162,23.613,10,0,3.47,1,2,4,7,6,8
165 Loreley (r = 90.0 km),Cb (Primitive carbonaceous) [SMASSII],4.28099587004536e+18,90.0415,3.126794242,0.08351853,11.23382489,7.226,10,0,3.46,1,3,7,4,2,8
139 Juewa (r = 75.6 km),X (Metallic / enstatite) [SMASSII],6.32408960691075e+18,75.558,2.785623724,0.170248829,10.87122913,20.991,10,0,3.46,1,3,6,4,5,8
221 Eos (r = 47.7 km),K (Eos-family stony) [SMASSII],1.23012574276419e+18,47.7345,3.012518238,0.101059525,10.89025188,10.443,10,0,3.46,1,2,7,4,3,9
635 Vundtia (r = 47.2 km),C (Primitive carbonaceous) [Tholen],6.16949548032776e+17,47.2075,3.141114404,0.078554658,11.00817615,11.79,10,0,3.46,1,2,7,4,2,10
579 Sidonia (r = 42.8 km),K (Eos-family stony) [SMASSII],8.85782268631931e+17,42.785,3.011859497,0.076188052,11.0173522,16.29,10,0,3.46,1,2,7,4,3,9
162 Laurentia (r = 48.5 km),Ch (Primitive carbonaceous) [SMASSII],6.69458866434183e+17,48.5105,3.014262554,0.182998611,6.091999472,11.8686,10,0,3.45,1,2,5,6,3,10
201 Penelope (r = 42.9 km),X (Metallic / enstatite) [SMASSII],1.16063926862248e+18,42.9385,2.680864825,0.180112422,5.760729795,3.7474,10,0,3.45,1,2,5,6,6,7
868 Lova (r = 25.3 km),Ch (Primitive carbonaceous) [SMASSII],9.54871511898028e+16,25.346,2.70445575,0.146112401,5.836972363,41.118,10,0,3.45,1,1,6,6,5,7
369 Aeria (r = 36.9 km),M (Metallic (M-type)) [Tholen],7.35619158803591e+17,36.8835,2.647635983,0.098722015,12.72666199,4.778,10,0,3.44,1,2,7,3,6,8
156 Xanthippe (r = 71.7 km),Ch (Primitive carbonaceous) [SMASSII],2.15915288068215e+18,71.673,2.734247263,0.221799178,9.763675486,22.132,10,0,3.43,1,3,5,5,5,8
81 Terpsichore (r = 58.9 km),Cb (Primitive carbonaceous) [SMASSII],1.19606529613538e+18,58.8635,2.851528563,0.211771083,7.801192622,10.943,10,0,3.43,1,2,5,5,5,10
924 Toni (r = 42.7 km),X (Metallic / enstatite) [SMASSII],1.14501880135282e+18,42.745,2.938553673,0.152998333,8.987457774,19.437,10,0,3.43,1,2,6,5,4,8
236 Honoria (r = 38.9 km),L (Spinel-bearing stony) [SMASSII],6.63375733713744e+17,38.854,2.799687296,0.189668665,7.69736077,12.338,10,0,3.43,1,2,5,5,5,10
80 Sappho (r = 34.3 km),S (Silicaceous stony) [SMASSII],4.55650470040858e+17,34.2815,2.296282028,0.199671169,8.676097554,14.03,10,0,3.43,1,1,5,5,8,9
284 Amalia (r = 26.5 km),Ch (Primitive carbonaceous) [SMASSII],1.08823966489998e+17,26.475,2.359843405,0.22205454,8.043827211,8.545,10,0,3.43,1,1,5,5,8,9
1135 Colchis (1929 TA) (r = 25.3 km),Xk (Metallic / enstatite) [SMASSII],2.37307908337955e+17,25.296,2.665681536,0.113705777,4.540767699,23.467,6,0,3.42,1,1,7,7,6,8
134 Sophrosyne (r = 54.0 km),Ch (Primitive carbonaceous) [SMASSII],9.23417125129078e+17,54,2.562915278,0.11512004,11.61241176,17.196,8,0,3.41,1,2,7,4,6,9
541 Deborah (r = 30.1 km),B (Primitive carbonaceous) [SMASSII],1.59502894892412e+17,30.0735,2.813586613,0.053354289,6.018308292,29.368,6,0,3.4,1,1,8,6,5,8
175 Andromache (r = 47.3 km),Cg (Primitive carbonaceous) [SMASSII],6.1924598135615e+17,47.266,3.186761612,0.231501672,3.217621989,8.324,10,0,3.39,1,2,4,8,1,9
283 Emma (r = 66.2 km),X (Metallic / enstatite) [Tholen],4.25189964876682e+18,66.1925,3.048081255,0.143919597,7.988649793,6.896,10,0,3.38,1,2,6,5,3,8
68 Leto (r = 61.3 km),S (Silicaceous stony) [Tholen],2.59935963819064e+18,61.2545,2.782761579,0.184340944,7.960518538,14.848,10,0,3.38,1,2,5,5,5,9
127 Johanna (r = 61.0 km),Ch (Primitive carbonaceous) [SMASSII],1.33108610526167e+18,61,2.755860204,0.063328727,8.238027463,12.7988,5,0,3.38,1,2,8,5,5,10
78 Diana (r = 60.3 km),Ch (Primitive carbonaceous) [SMASSII],1.28578567039443e+18,60.3,2.622632693,0.203492794,8.678735514,7.2991,10,0,3.38,1,2,5,5,6,8
744 Aguntina (r = 29.3 km),FX: (Primitive carbonaceous) [Tholen],1.47781362564966e+17,29.318,3.179828398,0.111933366,7.719961617,17.47,10,0,3.38,1,1,7,5,1,9
259 Aletheia (r = 87.2 km),X (Metallic / enstatite) [SMASSII],9.70718642157539e+18,87.159,3.133531985,0.129969267,10.80839048,8.143,10,0,3.36,1,3,6,4,2,9
92 Undina (r = 63.2 km),Xc (Metallic / enstatite) [SMASSII],3.70266162181807e+18,63.21,3.185474654,0.104864734,9.923253392,15.941,10,0,3.36,1,2,7,4,1,9
740 Cantabia (r = 45.5 km),CX (Primitive carbonaceous) [Tholen],5.50577307544916e+17,45.45,3.055212597,0.104670968,10.82102231,64.453,10,0,3.36,1,2,7,4,3,7
115 Thyra (r = 39.9 km),S (Silicaceous stony) [SMASSII],7.19218374690896e+17,39.915,2.380017876,0.192356182,11.58738111,7.241,10,0,3.36,1,2,5,4,8,8
7 Iris (r = 99.9 km),S (Silicaceous stony) [SMASSII],1.12809182392652e+19,99.915,2.386528966,0.230213312,5.518812911,7.139,8,0,3.35,1,3,4,6,8,8
762 Pulcova (r = 73.7 km),F (Primitive carbonaceous) [Tholen],2.344850627627e+18,73.6715,3.152476864,0.107848369,13.10225384,5.839,10,0,3.34,1,3,7,3,2,8
145 Adeona (r = 63.9 km),Ch (Primitive carbonaceous) [SMASSII],1.52948738002969e+18,63.8915,2.67075442,0.147484982,12.62175325,15.071,10,0,3.34,1,2,6,3,6,9
266 Aline (r = 54.7 km),Ch (Primitive carbonaceous) [SMASSII],9.62271498637944e+17,54.747,2.805949391,0.154846394,13.39965963,13.018,10,0,3.34,1,2,6,3,5,10
365 Corduba (r = 43.4 km),C (Primitive carbonaceous) [SMASSII],4.78939322666077e+17,43.3865,2.803705964,0.155397764,12.79578829,12.705,10,0,3.34,1,2,6,3,5,10
478 Tergeste (r = 40.4 km),L (Spinel-bearing stony) [SMASSII],7.4404010905123e+17,40.369,3.018680176,0.080708558,13.17479916,16.11,10,0,3.34,1,2,7,3,3,9
348 May (r = 41.4 km),X (Metallic / enstatite) [SMASSII],1.04105181380804e+18,41.41,2.967483696,0.072297009,9.759794379,7.3812,6,0,3.33,1,2,8,5,4,8
498 Tokio (r = 40.9 km),M (Metallic (M-type)) [Tholen],1.00416324308841e+18,40.915,2.649793245,0.2239696,9.502635896,41.85,10,0,3.33,1,2,5,5,6,7
84 Klio (r = 39.6 km),Ch (Primitive carbonaceous) [SMASSII],3.63616862035624e+17,39.58,2.362396782,0.235450194,9.313668688,23.562,10,0,3.33,1,2,4,5,8,8
583 Klotilde (r = 39.1 km),C (Primitive carbonaceous) [Tholen],3.51031889735516e+17,39.118,3.177281214,0.159433721,8.241489088,9.2135,10,0,3.33,1,2,6,5,1,9
866 Fatme (r = 39.0 km),X (Metallic / enstatite) [SMASSII],8.71703918390692e+17,39.0305,3.123414441,0.051816081,8.660993939,11.6,6,0,3.33,1,2,8,5,2,10
846 Lipperta (r = 26.2 km),CBU: (Primitive carbonaceous) [Tholen],1.05528347415213e+17,26.205,3.134320987,0.174841773,0.264858947,1641,10,0,3.33,1,1,5,10,2,1
488 Kreusa (r = 84.1 km),C (Primitive carbonaceous) [Tholen],3.48306478662103e+18,84.0585,3.167353726,0.158443512,11.47607543,32.645,10,0,3.31,1,3,6,4,2,8
54 Alexandra (r = 80.1 km),C (Primitive carbonaceous) [SMASSII],3.00928556766049e+18,80.06,2.71257591,0.198304307,11.83053616,7.024,10,0,3.31,1,3,5,4,5,8
444 Gyptis (r = 79.7 km),C (Primitive carbonaceous) [SMASSII],2.96501915669725e+18,79.6655,2.77081013,0.173380619,10.27336677,6.214,10,0,3.31,1,3,5,4,5,8
70 Panopaea (r = 64.0 km),Ch (Primitive carbonaceous) [SMASSII],1.53408823985386e+18,63.9555,2.61352257,0.183043827,11.59682827,15.8052,10,0,3.31,1,2,5,4,6,9
464 Megaira (r = 38.5 km),C (Primitive carbonaceous) [SMASSII],3.35386857813152e+17,38.528,2.803368949,0.203850924,10.16244746,12.879,10,0,3.31,1,2,5,4,5,10
101 Helena (r = 32.9 km),S (Silicaceous stony) [SMASSII],4.03489142786607e+17,32.92,2.583660776,0.140522869,10.19192324,23.08,10,0,3.31,1,1,6,4,6,8
264 Libussa (r = 31.5 km),S (Silicaceous stony) [SMASSII],3.52974048078327e+17,31.4845,2.799120399,0.135089922,10.4250964,9.2276,10,0,3.31,1,1,6,4,5,9
838 Seraphina (r = 29.0 km),P (Primitive dark (P-type)) [Tholen],3.59321277269186e+17,29.0475,2.899107968,0.130835469,10.42207653,11.69,10,0,3.31,1,1,6,4,4,10
446 Aeternitas (r = 26.8 km),A (Olivine-dominated) [SMASSII],2.17236472433098e+17,26.781,2.787517009,0.124596415,10.61499924,15.7413,10,0,3.31,1,1,6,4,5,9
382 Dodona (r = 32.6 km),M (Metallic (M-type)) [Tholen],5.08146908018012e+17,32.6045,3.135194422,0.164961875,7.400436473,4.113,10,0,3.3,1,1,6,6,2,7
267 Tirza (r = 28.0 km),D (Primitive dark (D-type)) [SMASSII],1.28719459249869e+17,27.999,2.772929772,0.102567978,6.009813159,7.648,6,0,3.3,1,1,7,6,5,9
356 Liguria (r = 72.8 km),C (Primitive carbonaceous) [Tholen],2.25809651895838e+18,72.7515,2.75476472,0.242138737,8.205889473,31.701,10,0,3.28,1,3,4,5,5,8
56 Melete (r = 60.7 km),Xk (Metallic / enstatite) [SMASSII],3.2734331341743e+18,60.6665,2.596936604,0.2368788,8.081030539,18.147,10,0,3.28,1,2,4,5,6,9
510 Mabella (r = 30.2 km),PD (Primitive dark (P-type)) [Tholen],4.04814054634322e+17,30.225,2.609853606,0.19168888,9.5421147,19.4,10,0,3.28,1,1,5,5,6,8
22 Kalliope (r = 83.8 km),X (Metallic / enstatite) [SMASSII],8.61769448519955e+18,83.768,2.909465731,0.098879784,13.7016829,4.1483,10,0,3.27,1,3,7,2,4,7
187 Lamberta (r = 73.6 km),Ch (Primitive carbonaceous) [SMASSII],2.34251201347663e+18,73.647,2.731059463,0.238864384,10.56955271,10.67,10,0,3.26,1,3,4,4,5,10
1023 Thomana (r = 29.1 km),G (Primitive carbonaceous) [Tholen],1.45031290794964e+17,29.135,3.17236147,0.09568407,10.05938176,17.56,10,0,3.26,1,1,7,4,1,9
1071 Brita (r = 30.4 km),Xk (Metallic / enstatite) [SMASSII],4.1314768706668e+17,30.431,2.79943345,0.111443084,5.361289732,5.8169,6,0,3.25,1,1,7,6,5,8
85 Io (r = 77.4 km),B (Primitive carbonaceous) [SMASSII],2.71866288769964e+18,77.395,2.653032539,0.193085426,11.96082526,6.875,10,0,3.24,1,3,5,3,6,8
712 Boliviana (r = 62.1 km),X (Metallic / enstatite) [SMASSII],3.50464837417439e+18,62.0625,2.576165512,0.184997664,12.75544396,11.7426,10,0,3.24,1,2,5,3,6,10
691 Lehigh (r = 39.7 km),CD: (Primitive carbonaceous) [Tholen],3.67641696323656e+17,39.7255,3.008692036,0.125570173,13.02285058,12.891,10,0,3.24,1,2,6,3,3,10
35 Leukothea (r = 51.5 km),C (Primitive carbonaceous) [SMASSII],8.02294584803439e+17,51.5275,3.00569867,0.217263308,7.86606907,31.9,10,0,3.23,1,2,5,5,3,8
671 Carnegia (r = 30.3 km),Xk (Metallic / enstatite) [SMASSII],4.07915807371016e+17,30.302,3.094471512,0.061307177,8.006784143,8.332,6,0,3.23,1,1,8,5,3,9
198 Ampella (r = 27.2 km),S (Silicaceous stony) [SMASSII],2.26628030354885e+17,27.1615,2.459068968,0.227216549,9.323210542,10.379,10,0,3.23,1,1,4,5,7,9
403 Cyane (r = 26.8 km),S (Silicaceous stony) [SMASSII],2.17382513754216e+17,26.787,2.811519018,0.097850582,9.153301225,12.283,6,0,3.23,1,1,7,5,5,10
358 Apollonia (r = 45.1 km),Ch (Primitive carbonaceous) [SMASSII],5.36453863055996e+17,45.058,2.877021082,0.151708239,3.553755259,50.6,6,0,3.22,1,2,6,7,4,7
75 Eurydike (r = 31.2 km),Xk (Metallic / enstatite) [SMASSII],4.44774743307712e+17,31.1885,2.672934925,0.3053352,4.994021851,5.357,10,0,3.22,1,1,3,7,6,8
469 Argentina (r = 66.9 km),X (Metallic / enstatite) [Tholen],4.38163587277859e+18,66.859,3.178463419,0.161504427,11.45422487,17.5727,10,0,3.21,1,2,6,4,1,9
23 Thalia (r = 53.8 km),S (Silicaceous stony) [SMASSII],1.75772659532352e+18,53.765,2.628877066,0.231241779,10.10821722,12.312,10,0,3.21,1,2,4,4,6,10
366 Vincentina (r = 43.2 km),Ch (Primitive carbonaceous) [SMASSII],4.7226444086338e+17,43.184,3.147478777,0.059785133,10.57981934,12.7365,6,0,3.21,1,2,8,4,2,10
764 Gedania (r = 29.1 km),C (Primitive carbonaceous) [Tholen],1.45105972199674e+17,29.14,3.195735407,0.092301037,9.999752699,24.968,10,0,3.21,1,1,7,4,1,8
1107 Lictoria (1929 FB) (r = 39.5 km),Xc (Metallic / enstatite) [SMASSII],9.06254493530334e+17,39.5395,3.187659131,0.118800078,7.073236356,8.5616,6,0,3.2,1,2,7,6,1,9
546 Herodias (r = 33.0 km),TDG (Primitive transitional) [Tholen],2.10219150018931e+17,32.9725,2.596711814,0.116235627,14.86891181,10.77,10,0,3.2,1,1,7,1,6,10
385 Ilmatar (r = 42.9 km),S (Silicaceous stony) [Tholen],8.9409976021837e+17,42.9185,2.847606423,0.126920632,13.58186455,62.35,10,0,3.19,1,2,6,3,5,7
640 Brambilla (r = 31.3 km),G (Primitive carbonaceous) [Tholen],1.80402840694895e+17,31.3335,3.160233769,0.078350226,13.37052081,7.768,10,0,3.19,1,1,7,3,2,9
109 Felicitas (r = 41.3 km),Ch (Primitive carbonaceous) [SMASSII],4.12931016534991e+17,41.294,2.692922852,0.300517842,7.846155793,13.191,10,0,3.18,1,2,3,5,6,10
368 Haidea (r = 34.6 km),D (Primitive dark (D-type)) [Tholen],2.43721518674909e+17,34.6385,3.069587266,0.206579942,7.784643746,9.823,10,0,3.18,1,1,5,5,3,9
1086 Nata (1927 QL) (r = 33.1 km),Ch (Primitive carbonaceous) [SMASSII],2.13342593241008e+17,33.135,3.163642629,0.050217347,8.364446847,18.061,6,0,3.18,1,1,8,5,2,9
405 Thia (r = 54.4 km),Ch (Primitive carbonaceous) [SMASSII],9.46538996241746e+17,54.447,2.584239868,0.243409973,11.93833631,9.95,10,0,3.16,1,2,4,4,6,9
1114 Lorraine (1928 WA) (r = 37.8 km),Xc (Metallic / enstatite) [SMASSII],7.92804661090444e+17,37.8155,3.093769664,0.071709774,10.72083357,20.71,6,0,3.16,1,2,8,4,3,8
1062 Ljuba (1925 TD) (r = 29.0 km),Unknown (Unclassified),2.04648601594646e+17,29.0155,3.007896822,0.07243978,5.596712104,33.8,5,0,3.15,1,1,8,6,3,7
152 Atala (r = 29.5 km),S (Silicaceous stony) [SMASSII],2.8981656118635e+17,29.482,3.136202301,0.082687813,12.12490202,6.246,10,0,3.14,1,1,7,3,2,8
530 Turandot (r = 42.4 km),F (Primitive carbonaceous) [Tholen],4.47798049896359e+17,42.425,3.191558597,0.21678272,8.561319269,19.961,10,0,3.13,1,2,5,5,1,8
322 Phaeo (r = 34.9 km),X (Metallic / enstatite) [SMASSII],6.24682238121432e+17,34.9275,2.783822618,0.244028676,8.045606265,17.5845,10,0,3.13,1,1,4,5,5,9
3 Juno (r = 123.3 km),Sk (Silicaceous stony) [SMASSII],2.11992486849947e+19,123.298,2.670879059,0.255825773,12.98603961,7.21,8,0,3.12,2,4,4,3,6,8
971 Alsatia (r = 30.4 km),C (Primitive carbonaceous) [SMASSII],1.65299807792662e+17,30.4335,2.639285904,0.163551143,13.79482615,9.614,10,0,3.12,1,1,6,2,6,9
690 Wratislavia (r = 67.3 km),CPF (Primitive carbonaceous) [Tholen],1.78955780505331e+18,67.325,3.152463244,0.175888772,11.2442831,8.64,10,0,3.11,1,2,5,4,2,9
360 Carlova (r = 64.6 km),C (Primitive carbonaceous) [SMASSII],1.57818409260206e+18,64.5625,3.0048785,0.173726337,11.74307652,6.183,10,0,3.11,1,2,5,4,3,8
313 Chaldaea (r = 35.6 km),C (Primitive carbonaceous) [Tholen],2.64396389345423e+17,35.5915,2.37564679,0.180833786,11.64374582,8.392,8,0,3.11,1,1,5,4,8,9
584 Semiramis (r = 27.0 km),Sl (Silicaceous stony) [SMASSII],2.22733180362214e+17,27.005,2.373773599,0.233046566,10.71984377,5.068,10,0,3.11,1,1,4,4,8,8
596 Scheila (r = 79.9 km),T (Primitive transitional) [SMASSII],2.98712574857467e+18,79.863,2.935697579,0.159452139,14.62963526,15.848,10,0,3.1,1,3,6,1,4,9
95 Arethusa (r = 74.0 km),Ch (Primitive carbonaceous) [SMASSII],2.37486471170897e+18,73.9845,3.063983813,0.152648858,13.00999171,8.705,8,0,3.09,1,3,6,3,3,9
250 Bettina (r = 60.5 km),Xk (Metallic / enstatite) [SMASSII],3.24615264786466e+18,60.4975,3.141326429,0.136971433,12.82180825,5.0545,10,0,3.09,1,2,6,3,2,8
416 Vaticana (r = 42.7 km),Sl (Silicaceous stony) [SMASSII],8.82680430896581e+17,42.735,2.791857392,0.219731725,12.83212779,5.372,10,0,3.09,1,2,5,3,5,8
174 Phaedra (r = 32.4 km),S (Silicaceous stony) [SMASSII],3.85542480190398e+17,32.4245,2.85821349,0.145398717,12.10491967,5.744,10,0,3.09,1,1,6,3,4,8
611 Valeria (r = 28.7 km),L (Spinel-bearing stony) [SMASSII],2.68312333139226e+17,28.734,2.978507099,0.124793496,13.44394877,6.977,10,0,3.09,1,1,6,3,4,8
505 Cava (r = 57.5 km),FC (Primitive carbonaceous) [Tholen],1.11485960297329e+18,57.5,2.687215029,0.24256401,9.822321516,8.1789,8,0,3.08,1,2,4,5,6,9
648 Pippa (r = 34.1 km),XC (Metallic / enstatite) [Tholen],5.83117902725915e+17,34.135,3.196116179,0.203063894,9.876191309,9.263,10,0,3.08,1,1,5,5,1,9
1189 Terentia (1930 SG) (r = 29.6 km),Ch (Primitive carbonaceous) [SMASSII],1.52441692065661e+17,29.623,2.932636576,0.111160812,9.864575157,19.308,6,0,3.08,1,1,7,5,4,8
404 Arsinoe (r = 47.5 km),Ch (Primitive carbonaceous) [SMASSII],6.27893477976885e+17,47.485,2.591897111,0.20160983,14.09820297,8.887,10,0,3.07,1,2,5,2,6,9
410 Chloris (r = 59.5 km),Ch (Primitive carbonaceous) [SMASSII],1.23307632541399e+18,59.4645,2.725912922,0.240006744,10.96342882,32.5,10,0,3.06,1,2,4,4,5,8
97 Klotho (r = 50.4 km),M (Metallic (M-type)) [Tholen],1.87229815910256e+18,50.3585,2.668261893,0.257616852,11.77537142,35.15,10,0,3.06,1,2,4,4,6,7
318 Magdalena (r = 42.5 km),CXF (Primitive carbonaceous) [Tholen],4.50177137290027e+17,42.5,3.196789113,0.085363214,10.65908711,42.65,8,0,3.06,1,2,7,4,1,7
6 Hebe (r = 92.6 km),S (Silicaceous stony) [SMASSII],8.97727699815915e+18,92.59,2.425469296,0.202230064,14.73615053,7.2745,10,0,3.05,1,3,5,1,7,8
983 Gunila (r = 36.9 km),XD (Metallic / enstatite) [Tholen],7.38704872645131e+17,36.935,3.16259915,0.089064113,14.8629058,16.633,10,0,3.05,1,2,7,1,2,9
674 Rachele (r = 48.1 km),S (Silicaceous stony) [SMASSII],1.25746174673502e+18,48.0855,2.924099145,0.193067783,13.51317903,30.982,10,0,3.04,1,2,5,3,4,8
598 Octavia (r = 39.1 km),X (Metallic / enstatite) [SMASSII],8.77613376018636e+17,39.1185,2.75927888,0.25092927,12.23449556,10.8903,10,0,3.04,1,2,4,3,5,10
166 Rhodope (r = 26.2 km),Xe (Metallic / enstatite) [SMASSII],2.63564228574811e+17,26.1965,2.687092262,0.210272521,12.02287161,4.715,10,0,3.04,1,1,5,3,6,8
591 Irmgard (r = 25.9 km),X (Metallic / enstatite) [Tholen],2.55601974252504e+17,25.93,2.677957633,0.210029982,12.4513073,7.35,10,0,3.04,1,1,5,3,6,8
481 Emita (r = 50.9 km),Ch (Primitive carbonaceous) [SMASSII],7.74000238555048e+17,50.9145,2.74013261,0.157214741,9.848859311,14.412,5,0,3.03,1,2,6,5,5,9
415 Palatia (r = 41.8 km),DP (Primitive dark (D-type)) [Tholen],4.27682964660197e+17,41.78,2.790577887,0.300742661,8.221299929,20.73,10,0,3.03,1,2,3,5,5,8
638 Moira (r = 29.8 km),Ch (Primitive carbonaceous) [SMASSII],1.55143744005558e+17,29.797,2.733422734,0.162281218,7.708736572,9.8768,6,0,3.03,1,1,6,5,5,9
412 Elisabetha (r = 48.0 km),C (Primitive carbonaceous) [SMASSII],6.4968097742579e+17,48.028,2.762454322,0.041162074,13.78017285,19.635,6,0,3.02,1,2,8,2,5,8
578 Happelia (r = 34.6 km),Xc (Metallic / enstatite) [SMASSII],6.09646873141318e+17,34.645,2.750456354,0.19514448,6.126855377,10.061,6,0,3,1,1,5,6,5,9
539 Pamina (r = 34.2 km),Ch (Primitive carbonaceous) [SMASSII],2.34129739171132e+17,34.178,2.738150839,0.213237381,6.799552757,13.903,6,0,3,1,1,5,6,5,9
752 Sulamitis (r = 30.1 km),Unknown (Unclassified),2.28134152530871e+17,30.0855,2.463100152,0.072922196,5.964264817,27.367,1,0,3,1,1,8,6,7,8
1254 Erfordia (1932 JA) (r = 25.8 km),Unknown (Unclassified),1.43371180314675e+17,25.77,3.135875661,0.02458047,7.091959681,12.287,1,0,3,1,1,9,6,2,10
269 Justitia (r = 25.4 km),Ld (Spinel-bearing stony) [SMASSII],1.8454641245054e+17,25.364,2.613111734,0.216596047,5.477935038,33.128,6,0,3,1,1,5,6,6,8
33 Polyhymnia (r = 26.5 km),Sq (Silicaceous stony) [SMASSII],2.09625182153353e+17,26.4645,2.874150507,0.33326692,1.852031938,18.608,10,0,2.99,1,1,1,8,4,9
845 Naema (r = 26.3 km),C (Primitive carbonaceous) [SMASSII],1.07149403741562e+17,26.3385,2.939588336,0.068515672,12.61252643,20.892,6,0,2.99,1,1,8,3,4,8
664 Judith (r = 42.6 km),XC (Metallic / enstatite) [Tholen],1.1339646657936e+18,42.607,3.17858987,0.241614132,8.569044239,19.306,10,0,2.98,1,2,4,5,1,8
675 Ludmilla (r = 38.0 km),S (Silicaceous stony) [SMASSII],6.20587699516005e+17,38,2.767038186,0.204989956,9.810978298,7.717,6,0,2.98,1,2,5,5,5,9
1424 Sundmania (1937 AJ) (r = 32.3 km),X (Metallic / enstatite) [SMASSII],4.96133166215207e+17,32.3455,3.190423877,0.055557684,9.159538997,93.73,6,0,2.98,1,1,8,5,1,6
1351 Uzbekistania (1934 TF) (r = 30.0 km),Xk (Metallic / enstatite) [SMASSII],3.96038627678046e+17,30.005,3.194930879,0.069190252,9.643461882,74.07,6,0,2.98,1,1,8,5,1,6
173 Ino (r = 62.9 km),Xk (Metallic / enstatite) [SMASSII],3.6502790366492e+18,62.9105,2.741658444,0.209512608,14.19488191,6.15,10,0,2.97,1,2,5,2,5,8
99 Dike (r = 33.7 km),Xk (Metallic / enstatite) [SMASSII],5.59959793109196e+17,33.677,2.66324028,0.197712654,13.86365349,18.127,10,0,2.97,1,1,5,2,6,9
258 Tyche (r = 32.4 km),S (Silicaceous stony) [SMASSII],3.84313125724806e+17,32.39,2.614489506,0.204856222,14.32679842,10.041,10,0,2.97,1,1,5,2,6,9
563 Suleika (r = 26.6 km),Sl (Silicaceous stony) [SMASSII],2.13943722095798e+17,26.645,2.71172735,0.236357696,10.2474386,5.69,10,0,2.96,1,1,4,4,5,8
303 Josephina (r = 62.5 km),Unknown (Unclassified),2.04153031635428e+18,62.4615,3.124872424,0.056062358,6.884116193,12.497,1,0,2.95,1,2,8,6,2,10
1306 Scythia (1930 OB) (r = 33.4 km),S (Silicaceous stony) [Tholen],4.2101893722214e+17,33.39,3.142470092,0.096760868,14.98809842,7.525,10,0,2.95,1,1,7,1,2,9
137 Meliboea (r = 64.3 km),C (Primitive carbonaceous) [Tholen],1.56185087254256e+18,64.339,3.126287156,0.210735595,13.42268103,25.676,10,0,2.94,1,2,5,3,2,8
455 Bruchsalia (r = 44.4 km),CP (Primitive carbonaceous) [Tholen],5.13154537147513e+17,44.396,2.656092741,0.294369738,12.01748276,11.839,10,0,2.94,1,2,3,3,6,10
656 Beagle (r = 31.3 km),Unknown (Unclassified),2.56941861557716e+17,31.302,3.156090747,0.13011248,0.518142011,7.035,1,0,2.93,1,1,6,10,2,8
527 Euryanthe (r = 26.3 km),Cb (Primitive carbonaceous) [SMASSII],1.0684458076828e+17,26.3135,2.724518349,0.151876134,9.661056401,42.75,6,0,2.93,1,1,6,5,5,7
786 Bredichina (r = 54.2 km),C (Primitive carbonaceous) [Tholen],9.31365820905115e+17,54.1545,3.191736673,0.152453757,14.51877203,29.434,10,0,2.92,1,2,6,2,1,8
604 Tekmessa (r = 32.3 km),Xc (Metallic / enstatite) [SMASSII],4.92575490485034e+17,32.268,3.15608541,0.191861929,4.415475004,5.5596,6,0,2.92,1,1,5,7,2,8
485 Genua (r = 31.9 km),S (Silicaceous stony) [SMASSII],3.68516645174728e+17,31.94,2.751386456,0.189362911,13.86529166,17.59,10,0,2.92,1,1,5,2,5,9
521 Brixia (r = 53.6 km),Ch (Primitive carbonaceous) [SMASSII],9.03730884600891e+17,53.6135,2.743246455,0.278391471,10.58419099,28.479,10,0,2.91,1,2,3,4,5,8
718 Erida (r = 35.5 km),X (Metallic / enstatite) [SMASSII],6.53442678715885e+17,35.4555,3.069796059,0.192383062,6.891502626,17.447,6,0,2.9,1,1,5,6,3,9
943 Begonia (r = 35.3 km),ST (Silicaceous stony) [Tholen],4.96889320659799e+17,35.286,3.113551803,0.214718518,12.11356674,15.66,10,0,2.89,1,1,5,3,2,9
448 Natalie (r = 25.3 km),C (Primitive carbonaceous) [Tholen],9.45970702264591e+16,25.267,3.134265816,0.186828643,12.72946883,8.0646,10,0,2.89,1,1,5,3,2,9
479 Caprera (r = 30.0 km),C (Primitive carbonaceous) [SMASSII],1.59033971624058e+17,30.044,2.722095326,0.217608987,8.677435611,9.454,6,0,2.88,1,1,5,5,5,9
609 Fulvia (r = 27.1 km),Unknown (Unclassified),1.66458173426235e+17,27.085,3.08598331,0.038254474,4.187859412,35.375,1,0,2.87,1,1,8,7,3,7
141 Lumen (r = 59.0 km),Ch (Primitive carbonaceous) [SMASSII],1.20183507149932e+18,58.958,2.666393348,0.212985689,11.89575072,19.87,6,0,2.86,1,2,5,4,6,8
1149 Volga (1929 PF) (r = 26.2 km),Unknown (Unclassified),1.50470192668022e+17,26.1885,2.896350964,0.098379517,11.76199784,27.262,5,0,2.86,1,1,7,4,4,8
820 Adriana (r = 29.3 km),Unknown (Unclassified),2.11267487420014e+17,29.325,3.134392181,0.053501985,5.94999225,12.42,1,0,2.85,1,1,8,6,2,10
129 Antigone (r = 56.5 km),X (Metallic / enstatite) [SMASSII],2.64424685880061e+18,56.5,2.868346461,0.213072018,12.26995787,4.9572,8,0,2.84,1,2,5,3,4,8
231 Vindobona (r = 36.8 km),Unknown (Unclassified),4.1657008114826e+17,36.7725,2.917942589,0.15729686,5.089733472,14.245,1,0,2.82,1,2,6,7,4,9
676 Melitta (r = 39.2 km),XC (Metallic / enstatite) [Tholen],8.82062953341764e+17,39.1845,3.067165099,0.122581601,12.8489741,16.743,6,0,2.79,1,2,6,3,3,9
760 Massinga (r = 35.6 km),SU (Silicaceous stony) [Tholen],5.12210209411814e+17,35.645,3.147341248,0.234497447,12.54216344,10.72,10,0,2.79,1,1,4,3,2,10
1356 Nyanza (1935 JH) (r = 30.4 km),Unknown (Unclassified),2.36468622997771e+17,30.4475,3.081558865,0.055099249,7.944852286,12.422,1,0,2.78,1,1,8,5,3,10
324 Bamberga (r = 110.3 km),CP (Primitive carbonaceous) [Tholen],7.87917099422124e+18,110.3455,2.682371258,0.340449118,11.09615681,29.43,10,0,2.76,1,3,1,4,6,8
1085 Amaryllis (1927 QH) (r = 34.6 km),Unknown (Unclassified),3.48233911406105e+17,34.6405,3.193839079,0.039116635,6.651025396,18.111,1,0,2.75,1,1,8,6,1,9
216 Kleopatra (r = 61.0 km),Xe (Metallic / enstatite) [SMASSII],3.32771526315417e+18,61,2.794919893,0.250334274,13.11727472,5.385,8,0,2.74,1,2,4,3,5,8
516 Amherstia (r = 32.6 km),X (Metallic / enstatite) [SMASSII],5.06628867428192e+17,32.572,2.677727559,0.275624964,12.95474983,7.4842,10,0,2.74,1,1,3,3,6,8
891 Gunhild (r = 27.9 km),Unknown (Unclassified),1.81423324499668e+17,27.8735,2.860854374,0.025918802,13.54635581,11.892,1,0,2.74,1,1,9,3,4,10
424 Gratia (r = 51.3 km),Unknown (Unclassified),1.12986399945822e+18,51.2825,2.77308491,0.109920229,8.223379714,20.063,1,0,2.73,1,2,7,5,5,8
1032 Pafuri (r = 32.8 km),X (Metallic / enstatite) [SMASSII],5.18715965712566e+17,32.829,3.128956655,0.140796398,9.480262595,113,6,0,2.73,1,1,6,5,2,6
634 Ute (r = 37.0 km),X (Metallic / enstatite) [SMASSII],7.43123683436126e+17,37.0085,3.049345803,0.180454453,12.29115785,11.7554,6,0,2.69,1,2,5,3,3,10
316 Goberta (r = 28.0 km),Unknown (Unclassified),1.84565521527659e+17,28.0335,3.184525053,0.127550219,2.346968422,8.605,1,0,2.69,1,1,6,8,1,9
392 Wilhelmina (r = 30.4 km),Ch (Primitive carbonaceous) [SMASSII],1.64348409233178e+17,30.375,2.885886951,0.138206931,14.31582346,13.058,6,0,2.67,1,1,6,2,4,10
492 Gismonda (r = 26.7 km),Unknown (Unclassified),1.59621537341153e+17,26.709,3.108576143,0.183019347,1.612774165,6.488,1,0,2.66,1,1,5,9,2,8
552 Sigelinde (r = 44.3 km),Unknown (Unclassified),7.30727431006201e+17,44.3485,3.150771615,0.089929132,7.692323879,17.156,1,0,2.63,1,2,7,5,2,9
465 Alekto (r = 36.7 km),Unknown (Unclassified),4.13096328270318e+17,36.67,3.111514448,0.19754351,4.664658391,10.936,1,0,2.62,1,2,5,7,2,10
778 Theobalda (r = 27.7 km),F (Primitive carbonaceous) [Tholen],1.24080208648829e+17,27.6585,3.17844811,0.256862337,13.71724942,11.659,10,0,2.62,1,1,4,2,1,10
252 Clementina (r = 32.7 km),Unknown (Unclassified),2.92176825517012e+17,32.672,3.160177313,0.06565784,10.03621014,10.864,1,0,2.61,1,1,8,4,2,10
734 Benda (r = 33.7 km),Unknown (Unclassified),3.1946422581975e+17,33.659,3.148774545,0.102585181,5.802077181,7.11,1,0,2.6,1,1,7,6,2,8
636 Erika (r = 36.6 km),Unknown (Unclassified),4.09843616273511e+17,36.5735,2.914429597,0.17151306,7.911500752,14.603,1,0,2.58,1,2,6,5,4,9
861 Aida (r = 33.4 km),Unknown (Unclassified),3.12847618093881e+17,33.425,3.14198798,0.099183304,8.056106078,10.95,1,0,2.58,1,1,7,5,2,10
3754 Kathleen (1931 FM) (r = 26.8 km),Unknown (Unclassified),1.62153830603606e+17,26.8495,3.162160167,0.106339705,8.45541114,11.18,1,0,2.58,1,1,7,5,2,10
779 Nina (r = 40.3 km),X (Metallic / enstatite) [SMASSII],9.58559551056127e+17,40.286,2.664512815,0.226277282,14.57386355,11.186,6,0,2.57,1,2,4,2,6,10
1041 Asta (1925 FA) (r = 30.3 km),C (Primitive carbonaceous) [SMASSII],1.6289992680777e+17,30.2855,3.072356721,0.146439588,13.9344256,7.978,6,0,2.57,1,1,6,2,3,9
1731 Smuts (1948 PH) (r = 27.4 km),Unknown (Unclassified),1.72182826965216e+17,27.392,3.16506998,0.128266563,5.931581157,12.5,1,0,2.55,1,1,6,6,2,10
253 Mathilde (r = 26.4 km),Cb (Primitive carbonaceous) [SMASSII],1.07901734412888e+17,26.4,2.646519094,0.264370003,6.740899232,417.7,5,0,2.55,1,1,4,6,6,4
784 Pickeringia (r = 37.8 km),C (Primitive carbonaceous) [SMASSII],3.16681801646908e+17,37.798,3.097951163,0.240927118,12.28058536,13.169,6,0,2.54,1,2,4,3,3,10
934 Thuringia (r = 26.9 km),Ch (Primitive carbonaceous) [SMASSII],1.1360282793542e+17,26.857,2.748996246,0.215658994,14.08160737,8.166,6,0,2.52,1,1,5,2,5,9
607 Jenny (r = 33.8 km),Unknown (Unclassified),3.22348696840104e+17,33.76,2.852347767,0.077816473,10.09225178,8.521,1,0,2.51,1,1,7,4,4,9
906 Repsolda (r = 32.9 km),Unknown (Unclassified),2.97684018915321e+17,32.876,2.894875486,0.084698973,11.78172873,15.368,1,0,2.51,1,1,7,4,4,9
774 Armor (r = 25.1 km),Unknown (Unclassified),1.32587649851e+17,25.107,3.051407166,0.164943531,5.562572993,25.194,1,0,2.5,1,1,6,6,3,8
1469 Linzia (1938 QD) (r = 37.4 km),Unknown (Unclassified),4.3791013883302e+17,37.39,3.12524908,0.0609344,13.41936859,22.215,1,0,2.49,1,2,8,3,2,8
256 Walpurga (r = 33.3 km),Unknown (Unclassified),3.09824866657639e+17,33.317,3.002779101,0.063050193,13.29746113,16.664,1,0,2.49,1,1,8,3,3,9
1961 Dufour (1973 WA) (r = 25.2 km),Unknown (Unclassified),1.3334955475587e+17,25.155,3.190846409,0.12648705,6.648710644,15.79,1,0,2.45,1,1,6,6,1,9
1243 Pamela (1932 JE) (r = 34.9 km),Unknown (Unclassified),3.57390693683253e+17,34.9415,3.09835897,0.045346213,13.26357416,25.96,1,0,2.44,1,1,8,3,3,8
874 Rotraut (r = 29.1 km),Unknown (Unclassified),2.07368949191822e+17,29.1435,3.152444939,0.080019622,11.14159804,14.297,1,0,2.41,1,1,7,4,2,9
1637 Swings (r = 26.5 km),Unknown (Unclassified),1.55850687420845e+17,26.497,3.067905177,0.051348828,14.08121778,10.264,1,0,2.37,1,1,8,2,3,9
2193 Jackson (1926 KB) (r = 29.1 km),Unknown (Unclassified),2.07134228147951e+17,29.1325,3.105764238,0.074637328,11.67459621,4.7541,1,0,2.36,1,1,7,4,2,8
769 Tatjana (r = 48.4 km),Unknown (Unclassified),9.47496210161248e+17,48.36,3.169236787,0.186487335,7.368423025,35.08,1,0,2.35,1,2,5,6,2,7
696 Leonora (r = 40.8 km),XC (Metallic / enstatite) [Tholen],9.94987831865404e+17,40.79,3.175059639,0.24810174,13.01494305,26.8964,6,0,2.34,1,2,4,3,1,8
1436 Salonta (1936 YA) (r = 26.9 km),Unknown (Unclassified),1.62788790528749e+17,26.8845,3.147740871,0.060475125,13.88906402,8.87,1,0,2.32,1,1,8,2,2,9
227 Philosophia (r = 61.9 km),Unknown (Unclassified),1.9913513518071e+18,61.9455,3.152496989,0.199845311,9.087033118,26.468,1,0,2.28,1,2,5,5,2,8
1240 Centenaria (1932 CD) (r = 31.5 km),Unknown (Unclassified),2.62285262924841e+17,31.5175,2.866308517,0.175372472,10.1616319,11.2907,1,0,2.26,1,1,5,4,4,10
538 Friederike (r = 35.3 km),Unknown (Unclassified),3.69131144883209e+17,35.32,3.154214149,0.172315234,6.524493627,46.728,1,0,2.25,1,1,5,6,2,7
972 Cohnia (r = 38.9 km),Unknown (Unclassified),4.93650394023156e+17,38.9135,3.05677664,0.234891513,8.369133992,18.472,1,0,2.23,1,2,4,5,3,9
816 Juliana (r = 25.4 km),Unknown (Unclassified),1.36838526349525e+17,25.3725,3.005168922,0.103531817,14.32443774,10.557,1,0,2.22,1,1,7,2,3,9
576 Emanuela (r = 37.2 km),Unknown (Unclassified),4.30885725009678e+17,37.189,2.994293142,0.192161857,10.21235791,20.372,1,0,2.21,1,2,5,4,3,8
217 Eudora (r = 32.7 km),X (Metallic / enstatite) [Tholen],5.12437056354323e+17,32.696,2.868265325,0.309681054,10.51881799,25.272,6,0,2.21,1,1,2,4,4,8
294 Felicia (r = 25.9 km),Unknown (Unclassified),1.46100521007244e+17,25.9325,3.157283574,0.23255756,6.265877007,10.4227,1,0,2.2,1,1,4,6,2,9
949 Hel (r = 31.7 km),Unknown (Unclassified),2.68056708748683e+17,31.747,2.995646865,0.200252838,10.64162519,16.43,1,0,2.16,1,1,5,4,3,9
952 Caia (r = 44.3 km),Unknown (Unclassified),7.30603860946429e+17,44.346,2.99189467,0.244597049,9.98950261,7.5,1,0,2.11,1,2,4,4,3,9
957 Camelia (r = 45.8 km),Unknown (Unclassified),8.03480240337844e+17,45.774,2.920225076,0.082094617,14.76020638,85.05,1,0,2.1,1,2,7,1,4,6
314 Rosalia (r = 30.3 km),Unknown (Unclassified),2.3407690279707e+17,30.3445,3.159071752,0.170690101,12.51430299,20.465,1,0,2.09,1,1,6,3,2,8
1072 Malva (1926 TA) (r = 26.8 km),Unknown (Unclassified),1.61936510754583e+17,26.8375,3.171353438,0.237081464,8.019869649,10.08,1,0,2.08,1,1,4,5,2,9
987 Wallia (r = 26.3 km),Unknown (Unclassified),1.52844033634755e+17,26.3255,3.134623636,0.237971013,8.91028392,10.0813,1,0,2.08,1,1,4,5,2,9
1165 Imprinetta (1930 HM) (r = 26.6 km),Unknown (Unclassified),1.57559684383925e+17,26.5935,3.128700099,0.210145852,12.79684216,10.797,1,0,2.04,1,1,5,3,2,10
788 Hohensteina (r = 55.6 km),Unknown (Unclassified),1.44362893921282e+18,55.6475,3.12343474,0.136357286,14.35556474,37.137,1,0,2.02,1,2,6,2,2,7
393 Lampetia (r = 58.1 km),Xc (Metallic / enstatite) [SMASSII],2.87464443955701e+18,58.0955,2.780691091,0.332906205,14.82555336,38.455,8,0,2,1,2,1,1,5,7
1030 Vitja (r = 29.9 km),Unknown (Unclassified),2.23009089148902e+17,29.8585,3.118637765,0.123189032,14.78039361,6.334,1,0,1.85,1,1,6,1,2,8
665 Sabine (r = 25.5 km),Unknown (Unclassified),1.39648516343391e+17,25.545,3.144226635,0.172321602,14.74816765,4.294,1,0,1.65,1,1,5,1,2,7
