dv_asteroids,dv_launch,asteroid 1,asteroid 2,asteroid 3,filename
22.6462660357791,7.07926872583714,Hertha,Hygiea,Klymene,greedy_test_-0.1_-0.1_-0.1_0.1_0.1_0.1.mat
52.7581286851188,7.07926872583714,Hertha,Peraga,Klymene,greedy_test_-0.1_-0.1_-1.0_0.1_0.1_0.1.mat
30.6627533274248,5.98966369038403,Themis,Hygiea,Klymene,greedy_test_-0.1_-0.1_0.1_-0.1_0.1_0.1.mat
30.6627533274248,5.98966369038403,Themis,Hygiea,Klymene,greedy_test_-0.1_-0.1_0.1_0.1_0.1_0.1.mat
32.5244889805471,5.79455455407312,Massalia,Peraga,Hygiea,greedy_test_-0.1_-0.1_1.0_0.1_0.1_0.1.mat
55.4451072711051,6.26278825339674,Peraga,Aegina,Hertha,greedy_test_-0.1_-1.0_-0.1_0.1_0.1_0.1.mat
82.9571569398032,6.26278825339674,Peraga,Klymene,Hertha,greedy_test_-0.1_-1.0_-1.0_0.1_0.1_0.1.mat
64.9588618998717,6.26278825339674,Peraga,Themis,Hygiea,greedy_test_-0.1_-1.0_0.1_0.1_0.1_0.1.mat
53.0978158279229,6.26278825339674,Peraga,Massalia,Klymene,greedy_test_-0.1_-1.0_1.0_0.1_0.1_0.1.mat
26.3749894353413,4.41588210192486,Lydia,Hygiea,Klymene,greedy_test_-0.1_0.1_-0.1_0.1_0.1_0.1.mat
53.4964672395571,5.35486416557372,Hertha,Lydia,Klymene,greedy_test_-0.1_0.1_-1.0_0.1_0.1_0.1.mat
39.1222010211878,8.64926487967422,Hygiea,Klymene,Circe,greedy_test_-0.1_0.1_0.1_-0.1_0.1_0.1.mat
39.1222010211878,8.64926487967422,Hygiea,Klymene,Circe,greedy_test_-0.1_0.1_0.1_0.1_0.1_0.1.mat
33.6114210949194,4.41588210192486,Lydia,Peraga,Hygiea,greedy_test_-0.1_0.1_1.0_0.1_0.1_0.1.mat
44.8407037354185,5.83261628821268,Peraga,Massalia,Circe,greedy_test_-0.1_1.0_-0.1_0.1_0.1_0.1.mat
71.4284843749014,5.83261628821268,Peraga,Massalia,Hertha,greedy_test_-0.1_1.0_-1.0_0.1_0.1_0.1.mat
59.129075002251,5.83261628821268,Peraga,Doris,Aegina,greedy_test_-0.1_1.0_0.1_0.1_0.1_0.1.mat
41.9796566893727,5.83261628821268,Peraga,Massalia,Klymene,greedy_test_-0.1_1.0_1.0_0.1_0.1_0.1.mat
30.5613844979326,10.170591437422,Hygiea,Lydia,Klymene,greedy_test_-1.0_-0.1_-0.1_0.1_0.1_0.1.mat
52.5557733588124,10.170591437422,Hygiea,Hertha,Klymene,greedy_test_-1.0_-0.1_-1.0_0.1_0.1_0.1.mat
33.1999111701885,10.170591437422,Hygiea,Klymene,Circe,greedy_test_-1.0_-0.1_0.1_0.1_0.1_0.1.mat
39.9623984882087,10.170591437422,Hygiea,Lydia,Circe,greedy_test_-1.0_-0.1_1.0_0.1_0.1_0.1.mat
50.4284761717159,7.19079751119426,Peraga,Aegina,Hertha,greedy_test_-1.0_-1.0_-0.1_0.1_0.1_0.1.mat
78.640963839486,7.19079751119426,Peraga,Klymene,Hertha,greedy_test_-1.0_-1.0_-1.0_0.1_0.1_0.1.mat
65.3083893984527,7.19079751119426,Peraga,Themis,Hygiea,greedy_test_-1.0_-1.0_0.1_0.1_0.1_0.1.mat
48.5332707211362,7.19079751119426,Peraga,Massalia,Klymene,greedy_test_-1.0_-1.0_1.0_0.1_0.1_0.1.mat
25.7636998021923,10.1873207606,Lydia,Hygiea,Klymene,greedy_test_-1.0_0.1_-0.1_0.1_0.1_0.1.mat
53.6947129907639,7.91143344613179,Hertha,Lydia,Klymene,greedy_test_-1.0_0.1_-1.0_0.1_0.1_0.1.mat
33.532247214593,11.8750308832611,Themis,Hygiea,Klymene,greedy_test_-1.0_0.1_0.1_-0.1_0.1_0.1.mat
33.532247214593,11.8750308832611,Themis,Hygiea,Klymene,greedy_test_-1.0_0.1_0.1_0.1_0.1_0.1.mat
34.7822685996091,7.91143344613179,Hertha,Massalia,Hygiea,greedy_test_-1.0_0.1_1.0_0.1_0.1_0.1.mat
45.5818977686736,9.21776734459221,Peraga,Massalia,Circe,greedy_test_-1.0_1.0_-0.1_0.1_0.1_0.1.mat
72.1076468400119,9.21776734459221,Peraga,Massalia,Hertha,greedy_test_-1.0_1.0_-1.0_0.1_0.1_0.1.mat
60.2915330316975,9.21776734459221,Peraga,Doris,Klymene,greedy_test_-1.0_1.0_0.1_0.1_0.1_0.1.mat
42.5607316596083,9.21776734459221,Peraga,Massalia,Klymene,greedy_test_-1.0_1.0_1.0_0.1_0.1_0.1.mat
22.6333449064407,13.0519266971918,Hertha,Hygiea,Klymene,greedy_test_0.1_-0.1_-0.1_0.1_0.1_0.1.mat
52.7581294424327,13.0519266971918,Hertha,Peraga,Klymene,greedy_test_0.1_-0.1_-1.0_0.1_0.1_0.1.mat
30.3486727600905,15.7615580519408,Themis,Hygiea,Klymene,greedy_test_0.1_-0.1_0.1_-0.1_0.1_0.1.mat
30.3486727600905,15.7615580519408,Themis,Hygiea,Klymene,greedy_test_0.1_-0.1_0.1_0.1_0.1_0.1.mat
34.2190755596599,8.04153963240425,Massalia,Peraga,Klymene,greedy_test_0.1_-0.1_1.0_0.1_0.1_0.1.mat
49.6202458662403,26.2972727906341,Peraga,Aegina,Hertha,greedy_test_0.1_-1.0_-0.1_0.1_0.1_0.1.mat
78.1835105626762,26.2972727906341,Peraga,Klymene,Hertha,greedy_test_0.1_-1.0_-1.0_0.1_0.1_0.1.mat
66.0012662733881,26.2972727906341,Peraga,Themis,Hygiea,greedy_test_0.1_-1.0_0.1_0.1_0.1_0.1.mat
48.0375709074575,26.2972727906341,Peraga,Massalia,Klymene,greedy_test_0.1_-1.0_1.0_0.1_0.1_0.1.mat
32.2400105484621,20.3104269817818,Lydia,Hertha,Klymene,greedy_test_0.1_0.1_-0.1_0.1_0.1_0.1.mat
55.2845576020675,20.3104269817818,Lydia,Hertha,Klymene,greedy_test_0.1_0.1_-1.0_0.1_0.1_0.1.mat
31.0607678392829,17.3716188898565,Themis,Hygiea,Klymene,greedy_test_0.1_0.1_0.1_-0.1_0.1_0.1.mat
31.0607678392829,17.3716188898565,Themis,Hygiea,Klymene,greedy_test_0.1_0.1_0.1_0.1_0.1_0.1.mat
33.4208702979661,26.9957763623221,Massalia,Peraga,Klymene,greedy_test_0.1_0.1_1.0_0.1_0.1_0.1.mat
44.5282349793612,20.1804961405092,Peraga,Massalia,Circe,greedy_test_0.1_1.0_-0.1_0.1_0.1_0.1.mat
71.1453879919929,20.1804961405092,Peraga,Massalia,Hertha,greedy_test_0.1_1.0_-1.0_0.1_0.1_0.1.mat
58.7419619788251,20.1804961405092,Peraga,Doris,Aegina,greedy_test_0.1_1.0_0.1_0.1_0.1_0.1.mat
41.7449449441956,20.1804961405092,Peraga,Massalia,Klymene,greedy_test_0.1_1.0_1.0_0.1_0.1_0.1.mat
28.0155481031343,7.67065296258639,Hygiea,Hertha,Klymene,greedy_test_1.0_-0.1_-0.1_0.1_0.1_0.1.mat
52.2839156313241,7.67065296258639,Hygiea,Peraga,Klymene,greedy_test_1.0_-0.1_-1.0_0.1_0.1_0.1.mat
30.1527699101103,7.26710149878251,Themis,Hygiea,Klymene,greedy_test_1.0_-0.1_0.1_0.1_0.1_0.1.mat
33.7696839709742,7.11114017127793,Doris,Circe,Lydia,greedy_test_1.0_-0.1_1.0_0.1_0.1_0.1.mat
50.8589959478215,5.03087142118147,Peraga,Massalia,Circe,greedy_test_1.0_-1.0_-0.1_0.1_0.1_0.1.mat
77.5047573016403,5.03087142118147,Peraga,Klymene,Hertha,greedy_test_1.0_-1.0_-1.0_0.1_0.1_0.1.mat
65.8489849890194,5.03087142118147,Peraga,Doris,Klymene,greedy_test_1.0_-1.0_0.1_0.1_0.1_0.1.mat
47.3185593008672,5.03087142118147,Peraga,Massalia,Klymene,greedy_test_1.0_-1.0_1.0_0.1_0.1_0.1.mat
32.3648143474941,4.00645203636743,Hygiea,Hertha,Klymene,greedy_test_1.0_0.1_-0.1_0.1_0.1_0.1.mat
55.5503090253618,4.00645203636743,Hygiea,Lydia,Klymene,greedy_test_1.0_0.1_-1.0_0.1_0.1_0.1.mat
30.5678816176183,4.33648442675536,Themis,Hygiea,Klymene,greedy_test_1.0_0.1_0.1_-0.1_0.1_0.1.mat
30.5678816176183,4.33648442675536,Themis,Hygiea,Klymene,greedy_test_1.0_0.1_0.1_0.1_0.1_0.1.mat
32.0898730030385,4.00075155833756,Massalia,Peraga,Klymene,greedy_test_1.0_0.1_1.0_0.1_0.1_0.1.mat
48.6019777071959,5.32528658848366,Massalia,Peraga,Klymene,greedy_test_1.0_1.0_-0.1_0.1_0.1_0.1.mat
70.6605866001918,5.24315504231926,Peraga,Concordia,Klymene,greedy_test_1.0_1.0_-1.0_0.1_0.1_0.1.mat
52.7584863636809,5.24315504231926,Peraga,Themis,Hygiea,greedy_test_1.0_1.0_0.1_0.1_0.1_0.1.mat
43.2190765558434,5.24315504231926,Peraga,Massalia,Klymene,greedy_test_1.0_1.0_1.0_0.1_0.1_0.1.mat
