Name_DecRadius,Class_Composition_SMASSII,Mass_kg,Radius_km,SMA_AU,Eccentricity,Inclination_deg,RotPeriod_hr,SciScore_A_Characterisation,SciScore_B_Interest,SciScore_Combined,SciFlags_Applied,SciPotential_Score_1to10,DeltaV_Score,Total_WeightedScore,Sub_Mass_Score,Sub_Radius_Score,Sub_Ecc_Score,Sub_Inc_Score,Sub_SMA_Score,Sub_RotPer_Score
24 Themis  (r=99.0km),B — Primitive blue (possible organics/ice) [SMASSII],5.69013052567964e+18,99.0,3.143254185,0.115343007,0.736699519,8.374,8,3,5.0,surface-ice(+3),9.98,0,5.2258,5,5,6.33,9.89,2.31,5.62
586 Thekla  (r=47.6km),Ch — Primitive carbonaceous [SMASSII],6.3252625902058e+17,47.6015,3.040349606,0.06546072,1.627925522,13.67,9,2,4.8,aqueous-alteration(+3),9.41,0,5.1447,4,4,8.69,9.69,3.91,8.24
19 Fortuna  (r=100.0km),Ch — Primitive carbonaceous [SMASSII],5.86430628670095e+18,100.0,2.442063444,0.158036184,1.573309761,7.4432,8,2,4.4,aqueous-alteration(+3),8.67,0,5.0009,5,5,4.6,9.76,9.04,4.49
554 Peraga  (r=47.9km),Ch — Primitive carbonaceous [SMASSII],6.45914211563802e+17,47.935,2.375173895,0.152849824,2.935883674,13.7128,9,2,4.8,aqueous-alteration(+3),9.41,0,4.9064,4,4,4.78,9.13,9.51,8.13
1 Ceres  (r=469.7km),C — Primitive carbonaceous [SMASSII],6.07684732893425e+20,469.7,2.765615652,0.07957632,10.58788658,9.07417,9,0,3.6,orbit-visited(-3),6.68,0,4.9038,10,10,7.98,3.53,6.07,6.56
91 Aegina  (r=51.7km),Ch — Primitive carbonaceous [SMASSII],8.10426203951578e+17,51.701,2.590333357,0.108182769,2.102439956,6.025,9,2,4.8,aqueous-alteration(+3),9.41,0,4.8802,4,4,6.73,9.53,8.42,3.09
58 Concordia  (r=53.3km),Ch — Primitive carbonaceous [SMASSII],8.85897419655626e+17,53.2585,2.699846364,0.045696809,5.072163969,9.895,9,2,4.8,aqueous-alteration(+3),9.41,0,4.8496,4,4,9.42,7.84,7.09,7.4
4 Vesta  (r=261.4km),V — Basaltic achondrite (differentiated crust) [SMASSII],2.0197348411274e+20,261.385,2.36154128,0.090167645,7.1440606,5.342127632,9,0,3.6,orbit-visited(-3),6.68,0,4.8336,8,8,7.47,6.2,9.64,2.44
48 Doris  (r=108.2km),Ch — Primitive carbonaceous [SMASSII],7.43597405187208e+18,108.2365,3.112870762,0.066263528,6.557769141,11.89,9,2,4.8,aqueous-alteration(+3),9.41,0,4.8184,5,5,8.58,6.64,3.13,9.87
90 Antiope  (r=58.0km),C — Primitive carbonaceous [SMASSII],1.14342732711611e+18,57.987,3.141267866,0.172446553,2.205400175,16.509,9,3,5.4,surface-ice(+3),10.0,0,4.7764,4,4,3.89,9.44,2.44,6.13
211 Isolda  (r=70.6km),Ch — Primitive carbonaceous [SMASSII],2.06033823833093e+18,70.5625,3.047970718,0.15457111,3.87368625,18.365,9,2,4.8,aqueous-alteration(+3),9.41,0,4.7762,5,5,4.73,8.51,3.84,4.89
62 Erato  (r=53.5km),Ch — Primitive carbonaceous [SMASSII],8.96015853361981e+17,53.4605,3.129557891,0.167973531,2.236946111,9.2213,9,2,4.8,aqueous-alteration(+3),9.41,0,4.7433,4,4,4.22,9.42,2.76,6.82
47 Aglaja  (r=84.1km),B — Primitive blue (possible organics/ice) [SMASSII],3.48660878300839e+18,84.087,2.881138964,0.133314138,4.969777119,13.178,9,1,4.2,B-type(+1),8.38,0,4.74,5,5,5.53,7.93,5.09,8.67
34 Circe  (r=66.5km),Ch — Primitive carbonaceous [SMASSII],1.72426181125493e+18,66.496,2.687939082,0.106784,5.4958795,12.15,9,2,4.8,aqueous-alteration(+3),9.41,0,4.7296,4,4,6.78,7.56,7.16,9.78
144 Vibilia  (r=71.2km),Ch — Primitive carbonaceous [SMASSII],2.11579518176805e+18,71.19,2.653452344,0.235600232,4.816044481,13.819,9,2,4.8,aqueous-alteration(+3),9.41,0,4.7176,5,5,1.78,8.09,7.73,8.02
11 Parthenope  (r=71.4km),Sk — Silicaceous stony [SMASSII],4.12420781269155e+18,71.4435,2.453167331,0.100477347,4.635746376,13.7204,9,0,3.6,none,6.68,0,4.7051,5,5,7.11,8.2,8.96,8.11
20 Massalia  (r=67.8km),S — Silicaceous stony [SMASSII],3.53109897832522e+18,67.84,2.408407833,0.143763565,0.709255859,8.098,9,0,3.6,none,6.68,0,4.698,5,4,5.16,9.91,9.27,5.16
10 Hygiea  (r=203.6km),C — Primitive carbonaceous [SMASSII],4.94645396484442e+19,203.56,3.147591335,0.108223833,3.832937411,13.828,8,0,3.2,none,3.81,0,4.6864,7,7,6.71,8.53,2.18,8.0
104 Klymene  (r=68.3km),Ch — Primitive carbonaceous [SMASSII],1.86651031965322e+18,68.2765,3.143270972,0.16249413,2.789722819,8.984,9,2,4.8,aqueous-alteration(+3),9.41,0,4.6829,4,4,4.38,9.2,2.29,6.42
431 Nephele  (r=51.0km),B — Primitive blue (possible organics/ice) [SMASSII],7.75620376503527e+17,50.95,3.145882266,0.171735961,1.829988468,13.53,9,1,4.2,B-type(+1),8.38,0,4.6818,4,4,4.0,9.64,2.24,8.38
30 Urania  (r=46.4km),Sl — Silicaceous stony [SMASSII],1.12933759641939e+18,46.3935,2.365630917,0.126729371,2.093698421,13.686,9,0,3.6,none,6.68,0,4.6802,4,4,5.91,9.56,9.58,8.2
308 Polyxo  (r=64.3km),T — Primitive transitional [SMASSII],1.55821240111744e+18,64.289,2.748696377,0.0383797,4.363294009,12.031,9,0,3.6,none,6.68,0,4.6611,4,4,9.62,8.31,6.38,9.98
16 Psyche  (r=111.0km),X — X-complex (metallic / enstatite) [SMASSII],2.00505176779678e+19,111.0,2.923314514,0.13434622,3.097291663,4.196,9,0,3.6,orbit-visited(-3),6.68,0,4.6602,6,6,5.47,8.98,4.71,1.69
49 Pales  (r=83.1km),Ch — Primitive carbonaceous [SMASSII],3.36842819268605e+18,83.126,3.098062538,0.221474352,3.201655558,20.705,9,2,4.8,aqueous-alteration(+3),9.41,0,4.6438,5,5,2.13,8.89,3.29,3.87
241 Germania  (r=84.5km),B — Primitive blue (possible organics/ice) [SMASSII],3.53195861925212e+18,84.45,3.045694065,0.106251007,5.517921865,15.51,9,1,4.2,B-type(+1),8.38,0,4.6431,5,5,6.82,7.53,3.89,6.91
88 Thisbe  (r=116.0km),B — Primitive blue (possible organics/ice) [SMASSII],9.15357222568636e+18,116.0,2.766963824,0.16528953,5.226419823,6.042,8,1,3.8,B-type(+1),8.2,0,4.6302,6,6,4.24,7.71,6.04,3.11
111 Ate  (r=63.2km),Ch — Primitive carbonaceous [SMASSII],1.47839513618475e+18,63.172,2.592676262,0.103490448,4.93242622,22.072,9,2,4.8,aqueous-alteration(+3),9.41,0,4.6056,4,4,6.96,8.0,8.38,3.58
135 Hertha  (r=39.6km),Xk — X-complex (metallic / enstatite) [SMASSII],9.11801006487599e+17,39.62,2.426899165,0.208371923,2.303289052,8.403,9,2,4.8,radar-ambiguous-M(+2),9.41,0,4.6047,4,3,2.64,9.38,9.13,5.76
26 Proserpina  (r=47.4km),S — Silicaceous stony [SMASSII],1.20444617977914e+18,47.4,2.655142704,0.088630933,3.554525042,13.11,9,0,3.6,none,6.68,0,4.5998,4,4,7.53,8.73,7.71,8.8
21 Lutetia  (r=49.0km),Xk — X-complex (metallic / enstatite) [SMASSII],1.7248244258102e+18,49.0,2.434023678,0.164783277,3.064568685,8.1655,9,1,4.2,radar-ambiguous-M(+2) | flyby-visited(-1),8.38,0,4.5951,4,4,4.31,9.07,9.07,5.22
40 Harmonia  (r=55.6km),S — Silicaceous stony [SMASSII],1.94658851502981e+18,55.6255,2.267850124,0.046289374,4.255751122,8.91,9,0,3.6,none,6.68,0,4.5807,4,4,9.38,8.36,9.89,6.36
83 Beatrix  (r=55.3km),X — X-complex (metallic / enstatite) [SMASSII],2.47279932009949e+18,55.2515,2.431634711,0.083024511,4.966657446,10.111,9,0,3.6,none,6.68,0,4.5629,5,4,7.76,7.96,9.11,7.73
177 Irma  (r=34.5km),Ch — Primitive carbonaceous [SMASSII],2.41323067959625e+17,34.5245,2.77206281,0.234689857,1.381489943,13.856,9,2,4.8,aqueous-alteration(+3),9.41,0,4.5407,3,3,1.84,9.78,5.93,7.96
110 Lydia  (r=43.0km),X — X-complex (metallic / enstatite) [SMASSII],1.1692968779707e+18,43.045,2.732703531,0.07910006,5.95940309,10.927,9,2,4.8,radar-ambiguous-M(+2),9.41,0,4.5389,4,3,8.0,7.11,6.67,8.64
124 Alkeste  (r=44.3km),S — Silicaceous stony [SMASSII],9.84848010841236e+17,44.324,2.629848027,0.078409915,2.963479384,9.906,9,0,3.6,none,6.68,0,4.5384,4,3,8.07,9.11,8.02,7.42
335 Roberta  (r=48.6km),B — Primitive blue (possible organics/ice) [SMASSII],6.71282157199577e+17,48.5545,2.47641983,0.171527139,5.102492383,12.054,9,1,4.2,B-type(+1),8.38,0,4.5098,4,4,4.04,7.8,8.84,9.93
257 Silesia  (r=36.3km),Ch — Primitive carbonaceous [SMASSII],2.81198395675082e+17,36.33,3.119250613,0.112404588,3.612006069,15.7095,9,2,4.8,aqueous-alteration(+3),9.41,0,4.4922,3,3,6.47,8.69,3.02,6.71
112 Iphigenia  (r=34.9km),Ch — Primitive carbonaceous [SMASSII],2.4947605603684e+17,34.909,2.433857452,0.127916087,2.597037723,31.466,9,2,4.8,aqueous-alteration(+3),9.41,0,4.4878,3,3,5.82,9.22,9.09,1.87
195 Eurykleia  (r=46.6km),Ch — Primitive carbonaceous [SMASSII],5.91700103045258e+17,46.5545,2.877870145,0.038788957,6.955347203,16.521,9,2,4.8,aqueous-alteration(+3),9.41,0,4.458,4,4,9.6,6.29,5.11,6.11
150 Nuwa  (r=59.6km),Cb — Primitive carbonaceous [SMASSII],1.23927648705022e+18,59.564,2.984739457,0.123917425,2.20152013,8.1347,9,0,3.6,none,6.68,0,4.4487,4,4,6.09,9.47,4.4,5.18
66 Maja  (r=35.9km),Ch — Primitive carbonaceous [SMASSII],2.71558161876537e+17,35.91,2.646772517,0.172075626,3.043199894,9.73509,8,2,4.4,aqueous-alteration(+3),8.67,0,4.4364,3,3,3.96,9.09,7.87,7.27
29 Amphitrite  (r=94.8km),S — Silicaceous stony [SMASSII],9.62931986665336e+18,94.7795,2.554121109,0.073350274,6.077438248,5.3921,9,0,3.6,none,6.68,0,4.4082,6,5,8.22,6.91,8.78,2.56
50 Virginia  (r=42.0km),Ch — Primitive carbonaceous [SMASSII],4.35623990651954e+17,42.037,2.651119343,0.284555655,2.839129815,14.315,9,2,4.8,aqueous-alteration(+3),9.41,0,4.398,3,3,1.18,9.16,7.78,7.58
207 Hedda  (r=28.9km),Ch — Primitive carbonaceous [SMASSII],1.42138662774707e+17,28.94,2.28406695,0.028484663,3.799517665,30.098,9,2,4.8,aqueous-alteration(+3),9.41,0,4.3798,2,2,9.78,8.58,9.87,2.07
160 Una  (r=40.6km),C — Primitive carbonaceous [SMASSII],3.93039684206864e+17,40.62,2.727665331,0.065609409,3.81880138,11.033,9,0,3.6,none,6.68,0,4.3731,3,3,8.64,8.56,6.73,8.84
569 Misa  (r=36.5km),Cg — Primitive carbonaceous [SMASSII],2.8457880193474e+17,36.475,2.659432718,0.178813911,1.287765648,11.595,9,0,3.6,none,6.68,0,4.3691,3,3,3.67,9.82,7.64,9.42
377 Campania  (r=45.2km),Ch — Primitive carbonaceous [SMASSII],5.40571874270093e+17,45.173,2.690377469,0.075225552,6.677600597,11.664,9,2,4.8,aqueous-alteration(+3),9.41,0,4.3567,3,3,8.16,6.53,7.13,9.51
142 Polana  (r=27.4km),B — Primitive blue (possible organics/ice) [SMASSII],1.20712878219321e+17,27.406,2.419144708,0.132763333,2.242569382,9.764,9,1,4.2,B-type(+1),8.38,0,4.344,2,2,5.58,9.4,9.24,7.29
162 Laurentia  (r=48.5km),Ch — Primitive carbonaceous [SMASSII],6.69458866434183e+17,48.5105,3.014262554,0.182998611,6.091999472,11.8686,9,2,4.8,aqueous-alteration(+3),9.41,0,4.3402,4,4,3.53,6.89,4.0,9.82
551 Ortrud  (r=40.6km),C — Primitive carbonaceous [SMASSII],3.91199283603391e+17,40.5565,2.968948508,0.11879151,0.394137917,17.416,9,0,3.6,none,6.68,0,4.3371,3,3,6.27,9.98,4.51,5.51
