full_name,pdes,neo,pha,H,diameter,albedo,rot_per,BV,spec_B,spec_T,diameter_sigma,e,a,q,i,ad,per,per_y,moid,sigma_e,sigma_a,sigma_tp,sigma_per,two_body
     1 Ceres (A801 AA),1,N,N,3.35,939.4,0.09,9.07417,0.713,C,G,0.2,0.07957632,2.765615652,2.545538136,10.58788658,2.985693167,1679.910573,4.599344484,1.58055,4.78E-12,1.02E-11,2.85E-08,9.31E-09,
     4 Vesta (A807 FA),4,N,N,3.25,522.77,0.4228,5.342127632,0.782,V,V,0.1,0.090167645,2.36154128,2.148606664,7.1440606,2.574475896,1325.536647,3.629121552,1.13464,2.29E-10,1.52E-09,6.71E-06,1.28E-06,
    10 Hygiea (A849 GA),10,N,N,5.65,407.12,0.0717,13.828,0.696,C,C,6.8,0.108223833,3.147591335,2.806946936,3.832937411,3.488235735,2039.698322,5.584389656,1.79554,4.33E-09,2.35E-09,1.26E-05,2.29E-06,
    52 Europa (A858 CA),52,N,N,6.65,303.918,0.057,5.6304,0.679,C,CF,3.501,0.11200166,3.092193381,2.745862588,7.480921969,3.438524173,1986.087582,5.437611451,1.76297,2.19E-09,2.50E-09,1.08E-05,2.41E-06,
     3 Juno (A804 RA),3,N,N,5.19,246.596,0.214,7.21,0.824,Sk,S,10.594,0.255825773,2.670879059,1.98759936,12.98603961,3.354158758,1594.335665,4.365053156,1.03829,4.40E-09,1.47E-09,3.84E-06,1.32E-06,
    88 Thisbe (A866 LA),88,N,N,7.24,232,0.0671,6.042,0.681,B,CF,,0.16528953,2.766963824,2.309613675,5.226419823,3.224313974,1681.139098,4.602708003,1.29643,2.44E-09,1.75E-09,5.10E-06,1.59E-06,
    15 Eunomia (A851 OA),15,N,N,5.43,231.689,0.248,6.083,0.839,S,S,2.234,0.187781331,2.642186114,2.146032889,11.76143491,3.138339339,1568.713144,4.294902517,1.1888,4.29E-09,1.50E-09,7.23E-06,1.33E-06,
    16 Psyche (A852 FA),16,N,N,6.2,222,0.1203,4.196,0.729,X,M,-0.25,0.13434622,2.923314514,2.530578259,3.097291663,3.31605077,1825.625701,4.998290764,1.53323,2.95E-09,2.88E-09,8.87E-06,2.69E-06,
   324 Bamberga (A892 DA),324,N,N,7.19,220.691,0.05,29.43,0.695,,CP,1.441,0.340449118,2.682371258,1.76916033,11.09615681,3.595582186,1604.636834,4.39325622,0.785363,2.07E-09,1.24E-09,3.93E-06,1.11E-06,
    48 Doris (A857 SA),48,N,N,7.11,216.473,0.065,11.89,0.716,Ch,CG,4.757,0.066263528,3.112870762,2.906600964,6.557769141,3.319140559,2006.042188,5.492244184,1.92938,2.32E-09,3.34E-09,9.41E-06,3.23E-06,
   117 Lomia (A871 RB),117,N,N,8.15,208.974,0.027,9.127,0.687,X,XC,1.208,0.022921092,2.991884567,2.923307306,14.921925,3.060461828,1890.234464,5.175179914,1.93769,2.32E-09,3.58E-09,2.40E-05,3.39E-06,
   106 Dione (A868 TA),106,N,N,7.76,207.869,0.044,16.21,0.743,Cgh,G,2.158,0.158853256,3.182491001,2.676941944,4.575003943,3.688040058,2073.715641,5.677524,1.68383,1.88E-09,4.44E-09,1.19E-05,4.34E-06,
    94 Aurora (A867 RA),94,N,N,7.71,204.89,0.0395,7.22,0.663,C,CP,3.6,0.096384844,3.1563619,2.852136451,7.969781987,3.460587349,2048.229494,5.607746731,1.87475,3.53E-09,3.76E-09,7.11E-06,3.66E-06,
    45 Eugenia (A857 MA),45,N,N,7.75,202.327,0.045,5.699,0.676,C,FC,2.168,0.082172422,2.721582321,2.49794331,6.605637305,2.945221333,1639.950123,4.489938735,1.49613,1.91E-09,1.92E-09,6.74E-06,1.73E-06,
    19 Fortuna (A852 QA),19,N,N,7.49,200,0.037,7.4432,0.719,Ch,G,,0.158036184,2.442063444,2.056129056,1.573309761,2.827997831,1393.907133,3.816309743,1.06155,2.94E-09,1.26E-09,5.82E-06,1.08E-06,
     7 Iris (A847 PA),7,N,N,5.68,199.83,0.2766,7.139,0.855,S,S,10,0.230213312,2.386528966,1.837118228,5.518812911,2.935939705,1346.63064,3.686873757,0.849214,3.57E-09,9.86E-10,3.50E-06,8.35E-07,
    24 Themis (A853 GA),24,N,N,7.22,198,0.067,8.374,0.684,B,C,,0.115343007,3.143254185,2.780701796,0.736699519,3.505806574,2035.483942,5.572851312,1.79221,2.14E-09,3.44E-09,5.36E-06,3.35E-06,
     9 Metis (A848 HA),9,N,N,6.18,190,0.118,5.079,0.858,,S,,0.122564495,2.386566544,2.094058222,5.577707857,2.679074867,1346.662446,3.686960838,1.10863,3.09E-09,1.11E-09,6.55E-06,9.43E-07,
    29 Amphitrite (A854 EB),29,N,N,5.98,189.559,0.216,5.3921,0.838,S,S,1.129,0.073350274,2.554121109,2.366775626,6.077438248,2.741466592,1490.941682,4.081975858,1.38468,2.47E-09,1.63E-09,1.15E-05,1.43E-06,
     6 Hebe (A847 NA),6,N,N,5.61,185.18,0.2679,7.2745,0.822,S,S,2.9,0.202230064,2.425469296,1.934966484,14.73615053,2.915972107,1379.723618,3.777477394,0.975628,4.29E-09,1.18E-09,7.49E-06,1.01E-06,
   165 Loreley (A876 PA),165,N,N,7.81,180.083,0.047,7.226,0.722,Cb,CD,2.064,0.08351853,3.126794242,2.865648985,11.23382489,3.387939499,2019.51639,5.529134538,1.8494,2.45E-09,3.63E-09,7.93E-06,3.52E-06,
    39 Laetitia (A856 CA),39,N,N,5.97,179.484,0.269,5.138,0.898,S,S,1.685,0.113063597,2.770985906,2.457688273,10.37524429,3.084283539,1684.806006,4.612747451,1.45967,2.97E-09,2.12E-09,8.45E-06,1.93E-06,
   209 Dido (A879 UC),209,N,N,8.3,179.008,0.028,5.7366,0.691,Xc,C,1.06,0.053284558,3.150129367,2.982276115,7.165048851,3.317982619,2042.165857,5.591145399,1.9772,2.12E-09,3.35E-09,1.23E-05,3.25E-06,
   423 Diotima (A896 XA),423,N,N,7.38,175.859,0.067,4.775,0.668,C,C,3.854,0.033872916,3.066783528,2.962902628,11.24258762,3.170664429,1961.657169,5.370724625,1.94773,1.90E-09,2.85E-09,1.81E-05,2.73E-06,
   259 Aletheia (A886 MA),259,N,N,7.81,174.318,0.043,8.143,0.698,X,CP,1.054,0.129969267,3.133531985,2.726269131,10.80839048,3.54079484,2026.047509,5.547015768,1.71116,3.03E-09,4.34E-09,8.90E-06,4.21E-06,
   409 Aspasia (A895 XC),409,N,N,7.66,171.012,0.054,9.022,0.719,Xc,CX,1.155,0.073320511,2.575146719,2.386335645,11.28516083,2.763957794,1509.389742,4.132483892,1.37261,2.35E-09,1.47E-09,7.48E-06,1.29E-06,
   241 Germania (A884 RA),241,N,N,7.73,168.9,0.0575,15.51,0.689,B,CP,3.1,0.106251007,3.045694065,2.722086002,5.517921865,3.369302128,1941.457297,5.315420387,1.72128,2.29E-09,3.08E-09,6.39E-06,2.95E-06,
    47 Aglaja (A857 RA),47,N,N,8.15,168.174,0.082,13.178,0.665,B,C,1.222,0.133314138,2.881138964,2.497042406,4.969777119,3.265235523,1786.260257,4.890514051,1.48561,1.74E-09,2.60E-09,3.73E-06,2.42E-06,
   488 Kreusa (A902 MC),488,N,N,7.9,168.117,0.047,32.645,0.691,,C,2.062,0.158443512,3.167353726,2.665507077,11.47607543,3.669200375,2058.938043,5.637065142,1.70356,3.31E-09,6.29E-09,4.29E-06,6.14E-06,
    22 Kalliope (A852 WA),22,N,N,6.79,167.536,0.166,4.1483,0.715,X,M,3.053,0.098879784,2.909465731,2.621778387,13.7016829,3.197153074,1812.668118,4.962814832,1.63477,3.09E-09,2.78E-09,1.06E-05,2.60E-06,
    49 Pales (A857 SB),49,N,N,7.99,166.252,0.048,20.705,0.749,Ch,CG,2.166,0.221474352,3.098062538,2.411921144,3.201655558,3.784203932,1991.744824,5.453100134,1.42115,2.18E-09,3.44E-09,8.12E-06,3.31E-06,
    59 Elpis (A860 RA),59,N,N,8.08,165.119,0.044,13.671,0.662,B,CP,4.506,0.11662738,2.713657457,2.397170698,8.64827569,3.030144215,1632.792384,4.470341913,1.40239,1.92E-09,2.23E-09,5.57E-06,2.01E-06,
   128 Nemesis (A872 WA),128,N,N,7.69,162.515,0.067,38.9325,0.685,C,C,1.296,0.12700639,2.749973114,2.400708958,6.246829389,3.099237271,1665.678188,4.560378338,1.40944,2.12E-09,2.50E-09,4.29E-06,2.27E-06,
   146 Lucina (A875 LC),146,N,N,8.5,160.31,0.036,18.557,0.703,Ch,C,1.21,0.064552059,2.720696356,2.545069805,13.09647403,2.896322907,1639.149401,4.487746478,1.54066,1.39E-09,1.93E-09,5.22E-06,1.75E-06,
    54 Alexandra (A858 RA),54,N,N,7.95,160.12,0.059,7.024,0.727,C,C,1.857,0.198304307,2.71257591,2.174660425,11.83053616,3.250491395,1631.81634,4.467669652,1.15947,1.58E-09,2.01E-09,4.42E-06,1.81E-06,
   596 Scheila (A906 DL),596,N,N,8.92,159.726,0.04,15.848,0.714,T,PCD,1.103,0.159452139,2.935697579,2.467594319,14.62963526,3.403800838,1837.237913,5.030083265,1.45219,1.45E-09,2.62E-09,4.67E-06,2.46E-06,
   444 Gyptis (A899 FA),444,N,N,8.06,159.331,0.051,6.214,0.676,C,C,0.49,0.173380619,2.77081013,2.290405354,10.27336677,3.251214905,1684.645696,4.612308546,1.28879,2.06E-09,2.76E-09,7.20E-06,2.52E-06,
   238 Hypatia (A884 NA),238,N,N,8.04,155.659,0.039,8.8749,0.739,Ch,C,0.751,0.091759912,2.905019778,2.638455417,12.40639712,3.171584139,1808.5148,4.951443669,1.64857,1.40E-09,2.09E-09,4.91E-06,1.95E-06,
   120 Lachesis (A872 GB),120,N,N,7.78,155.132,0.058,46.551,0.707,C,C,1.133,0.049000114,3.120262759,2.96736953,6.941077196,3.273155989,2013.191919,5.51181908,1.96628,1.81E-09,3.50E-09,1.97E-05,3.39E-06,
    85 Io (A865 SA),85,N,N,7.93,154.79,0.0666,6.875,0.668,B,FC,3.8,0.193085426,2.653032539,2.14077062,11.96082526,3.165294457,1578.382625,4.321376113,1.1558,1.75E-09,1.60E-09,3.78E-06,1.43E-06,
    93 Minerva (A867 QA),93,N,N,7.89,154.155,0.056,5.982,0.685,C,CU,1.298,0.142909307,2.752986528,2.359559132,8.539724129,3.146413925,1668.416807,4.567876269,1.36088,2.09E-09,1.99E-09,4.93E-06,1.81E-06,
    14 Irene (A851 KA),14,N,N,6.55,152,0.159,15.028,0.833,S,S,,0.162670165,2.587873257,2.166903488,9.129549915,3.008843027,1520.592804,4.163156205,1.19004,3.73E-09,1.57E-09,5.52E-06,1.38E-06,
   139 Juewa (A874 TA),139,N,N,8.05,151.116,0.052,20.991,0.693,X,CP,1.596,0.170248829,2.785623724,2.311374548,10.87122913,3.2598729,1698.173681,4.649346148,1.31763,2.36E-09,2.01E-09,4.82E-06,1.84E-06,
   419 Aurelia (A896 RF),419,N,N,8.56,148.701,0.034,16.784,0.641,,F,1.611,0.252281007,2.59570823,1.940860345,3.931316125,3.250556115,1527.503585,4.182076891,0.925306,2.10E-09,1.71E-09,3.40E-06,1.51E-06,
    95 Arethusa (A867 WA),95,N,N,7.97,147.969,0.058,8.705,0.711,Ch,C,5.148,0.152648858,3.063983813,2.596270182,13.00999171,3.531697444,1958.971541,5.363371775,1.61102,1.90E-09,3.32E-09,4.11E-06,3.19E-06,
     8 Flora (A847 UA),8,N,N,6.62,147.491,0.226,12.865,0.885,,S,1.025,0.156333713,2.201307163,1.85716864,5.890326395,2.545445686,1192.942186,3.266097704,0.874031,4.59E-09,1.12E-09,8.36E-06,9.08E-07,
   762 Pulcova (A913 RD),762,N,N,8.43,147.343,0.04,5.839,0.658,,F,0.818,0.107848369,3.152476864,2.812487377,13.10225384,3.492466351,2044.449036,5.597396402,1.82714,1.98E-09,3.52E-09,1.08E-05,3.42E-06,
   187 Lamberta (A878 GB),187,N,N,8.38,147.294,0.044,10.67,0.709,Ch,C,1.389,0.238864384,2.731059463,2.078706628,10.56955271,3.383412299,1648.523571,4.513411555,1.07295,1.92E-09,2.11E-09,3.66E-06,1.91E-06,
   356 Liguria (A893 BE),356,N,N,8.37,145.503,0.065,31.701,0.733,,C,1.441,0.242138737,2.75476472,2.087729469,8.205889473,3.421799971,1670.033548,4.572302664,1.12028,1.77E-09,2.53E-09,6.34E-06,2.30E-06,
   196 Philomela (A879 JA),196,N,N,6.72,144.626,0.342,8.334,0.852,S,S,4.085,0.013635638,3.114848198,3.072375254,7.261088871,3.157321141,2007.953985,5.497478398,2.05605,2.93E-09,3.44E-09,6.50E-05,3.32E-06,
   268 Adorea (A887 LA),268,N,N,8.6,144.585,0.041,7.8,0.663,,FC,0.892,0.137194364,3.090791214,2.666752079,2.440908736,3.514830349,1984.736837,5.433913313,1.66769,2.01E-09,3.28E-09,7.59E-06,3.16E-06,
   156 Xanthippe (A875 WA),156,N,N,8.81,143.346,0.03,22.132,0.713,Ch,C,0.903,0.221799178,2.734247263,2.127793467,9.763675486,3.34070106,1651.410745,4.521316208,1.12089,1.60E-09,1.85E-09,3.78E-06,1.68E-06,
    11 Parthenope (A850 JA),11,N,N,6.73,142.887,0.191,13.7204,0.837,Sk,S,1.008,0.100477347,2.453167331,2.206679585,4.635746376,2.699655076,1403.424925,3.842368037,1.19277,2.61E-09,1.21E-09,8.61E-06,1.04E-06,
   144 Vibilia (A875 LA),144,N,N,8.05,142.38,0.0597,13.819,0.727,Ch,C,2.6,0.235600232,2.653452344,2.028298357,4.816044481,3.27860633,1578.757276,4.32240185,1.03305,1.72E-09,1.67E-09,4.67E-06,1.49E-06,
   211 Isolda (A879 XA),211,N,N,7.97,141.125,0.062,18.365,0.711,Ch,C,2.486,0.15457111,3.047970718,2.5768425,3.87368625,3.519098936,1943.634559,5.321381407,1.59177,2.16E-09,4.29E-09,4.84E-06,4.11E-06,
   349 Dembowska (A892 XB),349,N,N,5.97,139.77,0.384,4.701,0.945,R,R,4.3,0.088567515,2.925403407,2.666307696,8.248170268,3.184499117,1827.582838,5.003649111,1.66835,3.98E-09,2.90E-09,1.24E-05,2.72E-06,
    18 Melpomene (A852 MA),18,N,N,6.35,139.594,0.181,11.57,0.854,S,S,2.452,0.217961979,2.295556956,1.79521282,10.13085816,2.795901092,1270.370897,3.47808596,0.811625,2.88E-09,1.06E-09,4.02E-06,8.78E-07,
   489 Comacina (A902 RD),489,N,N,8.6,139.39,0.0427,9.02,0.697,,C,3,0.048867703,3.151507718,2.997500774,12.99412567,3.305514661,2043.506339,5.59481544,2.00248,1.90E-09,3.33E-09,9.73E-06,3.23E-06,
   476 Hedwig (A901 QB),476,N,N,8.7,138.493,0.035,27.33,0.716,X,P,0.975,0.07495169,2.649796649,2.451189912,10.92544809,2.848403386,1575.495789,4.313472386,1.43309,1.62E-09,1.35E-09,4.03E-06,1.21E-06,
    51 Nemausa (A858 BA),51,N,N,7.72,138.159,0.1,7.783,0.789,Ch,CU,0.966,0.065927226,2.365547904,2.209593893,9.972945325,2.521501915,1328.911464,3.638361297,1.21238,1.87E-09,9.44E-10,6.15E-06,7.95E-07,
    69 Hesperia (A861 HC),69,N,N,7.2,138.13,0.1402,5.655,0.674,X,M,4.7,0.168952904,2.977057203,2.474074743,8.585627803,3.480039663,1876.200279,5.136756411,1.50626,2.40E-09,2.79E-09,6.58E-06,2.64E-06,
   104 Klymene (A868 RB),104,N,N,8.52,136.553,0.052,8.984,0.688,Ch,C,1.554,0.16249413,3.143270972,2.632507892,2.789722819,3.654034053,2035.500248,5.572895957,1.64741,1.95E-09,2.35E-09,6.11E-06,2.28E-06,
   212 Medea (A880 CA),212,N,N,8.47,136.12,0.0465,10.283,0.704,,DCX:,2.5,0.102875422,3.11730023,2.796606654,4.277943619,3.437993806,2010.325466,5.503971161,1.81235,1.84E-09,3.39E-09,1.18E-05,3.28E-06,
    20 Massalia (A852 SA),20,N,N,6.54,135.68,0.241,8.098,0.854,S,S,3.674,0.143763565,2.408407833,2.062166536,0.709255859,2.75464913,1365.191179,3.737689743,1.07875,3.00E-09,1.32E-09,4.26E-06,1.12E-06,
   690 Wratislavia (A909 UE),690,N,N,8.14,134.65,0.0604,8.64,0.675,,CPF,3.8,0.175888772,3.152463244,2.597980354,11.2442831,3.706946135,2044.435787,5.597360127,1.62191,1.73E-09,4.11E-09,1.05E-05,4.00E-06,
   469 Argentina (A901 DC),469,N,N,8.66,133.718,0.035,17.5727,0.655,,X,0.746,0.161504427,3.178463419,2.665127507,11.45422487,3.691799331,2069.780319,5.666749676,1.67605,2.02E-09,3.83E-09,4.50E-06,3.74E-06,
    34 Circe (A855 GA),34,N,N,8.75,132.992,0.023,12.15,0.707,Ch,C,1.033,0.106784,2.687939082,2.400910196,5.4958795,2.974967968,1609.635567,4.406942003,1.41183,1.56E-09,2.01E-09,5.04E-06,1.81E-06,
   147 Protogeneia (A875 NA),147,N,N,8.72,132.93,0.0492,7.8528,0.678,C,C,5.1,0.022022134,3.13721724,3.06812902,1.932861902,3.20630546,2029.622722,5.556804167,2.06065,1.73E-09,3.27E-09,2.98E-05,3.17E-06,
   283 Emma (A889 CA),283,N,N,8.77,132.385,0.023,6.896,0.712,,X,0.258,0.143919597,3.048081255,2.60940263,7.988649793,3.48675988,1943.740291,5.321670886,1.61449,1.90E-09,2.05E-09,4.25E-06,1.96E-06,
    46 Hestia (A857 QA),46,N,N,8.52,131.471,0.046,21.04,0.692,Xc,P,22.151,0.171929293,2.525879736,2.09160702,2.351324432,2.960152452,1466.281753,4.014460651,1.08657,2.64E-09,1.30E-09,4.05E-06,1.13E-06,
   171 Ophelia (A877 AB),171,N,N,8.63,130.808,0.076,6.66535,0.695,C,C,1.483,0.132783216,3.127973571,2.71263118,2.547010098,3.543315961,2020.659045,5.532262957,1.72277,1.78E-09,3.69E-09,1.00E-05,3.57E-06,
   360 Carlova (A893 EE),360,N,N,8.49,129.125,0.043,6.183,0.692,C,C,2.832,0.173726337,3.0048785,2.482851964,11.74307652,3.526905035,1902.561925,5.208930665,1.52523,2.13E-09,4.52E-09,1.07E-05,4.29E-06,
   137 Meliboea (A874 HA),137,N,N,8.33,128.678,0.065,25.676,0.689,,C,0.533,0.210735595,3.126287156,2.467467171,13.42268103,3.785107142,2019.025139,5.527789567,1.49307,1.74E-09,2.67E-09,2.74E-06,2.59E-06,
   308 Polyxo (A891 FA),308,N,N,8.17,128.578,0.047,12.031,0.783,T,T,1.557,0.0383797,2.748696377,2.643202234,4.363294009,2.85419052,1664.518329,4.557202818,1.62955,1.85E-09,2.42E-09,1.72E-05,2.19E-06,
   200 Dynamene (A879 OA),200,N,N,8.45,128.301,0.053,37.394,0.727,Ch,C,1.946,0.133598782,2.73802494,2.372228143,6.900311478,3.103821738,1654.834348,4.530689521,1.39447,2.04E-09,2.84E-09,8.43E-06,2.57E-06,
    70 Panopaea (A861 JA),70,N,N,8.16,127.911,0.038,15.8052,0.74,Ch,C,0.745,0.183043827,2.61352257,2.135133397,11.59682827,3.091911743,1543.255414,4.225203051,1.1536,2.11E-09,1.42E-09,3.77E-06,1.26E-06,
   145 Adeona (A875 LB),145,N,N,8.4,127.783,0.061,15.071,0.701,Ch,C,0.355,0.147484982,2.67075442,2.276858254,12.62175325,3.064650587,1594.224065,4.364747612,1.31088,2.55E-09,2.30E-09,4.93E-06,2.06E-06,
    92 Undina (A867 NA),92,N,N,6.75,126.42,0.2509,15.941,0.725,Xc,X,3.4,0.104864734,3.185474654,2.851430701,9.923253392,3.519518607,2076.632553,5.685510071,1.85497,2.44E-09,5.34E-09,1.73E-05,5.22E-06,
   111 Ate (A870 PA),111,N,N,8.21,126.344,0.062,22.072,0.69,Ch,C,0.233,0.103490448,2.592676262,2.324359035,4.93242622,2.86099349,1524.828021,4.174751597,1.34056,1.41E-09,1.45E-09,5.46E-06,1.28E-06,
   173 Ino (A877 PA),173,N,N,7.92,125.821,0.096,6.15,0.705,Xk,C,1.489,0.209512608,2.741658444,2.167246434,14.19488191,3.316070453,1658.129519,4.539711208,1.19229,2.40E-09,2.00E-09,4.60E-06,1.82E-06,
   388 Charybdis (A894 ED),388,N,N,8.71,125.754,0.042,9.516,0.719,C,C,1.887,0.064992709,3.004874768,2.809579816,6.448123336,3.20016972,1902.558381,5.208920961,1.79859,1.61E-09,3.36E-09,1.57E-05,3.19E-06,
   159 Aemilia (A876 BA),159,N,N,8.28,125.236,0.064,24.476,0.7,Ch,C,1.191,0.099366867,3.108003631,2.799171048,6.114337921,3.416836214,2001.339205,5.479368119,1.81705,1.56E-09,3.85E-09,5.35E-06,3.72E-06,
   303 Josephina (A891 CA),303,N,N,9.08,124.923,0.034,12.497,,,,0.952,0.056062358,3.124872424,2.949684709,6.884116193,3.30006014,2017.654797,5.524037774,1.96787,1.48E-09,3.59E-09,1.45E-05,3.48E-06,
   203 Pompeja (A879 SA),203,N,N,8.92,124.592,0.036,24.052,0.702,,DCX:,1.079,0.061096959,2.738525074,2.571209519,3.172082218,2.905840629,1655.287781,4.531930955,1.58164,1.29E-09,1.80E-09,8.82E-06,1.63E-06,
   712 Boliviana (A911 FF),712,N,N,8.58,124.125,0.039,11.7426,0.743,X,C,1.263,0.184997664,2.576165512,2.099580909,12.75544396,3.052750115,1510.285559,4.134936506,1.10997,1.95E-09,1.84E-09,4.47E-06,1.62E-06,
   227 Philosophia (A882 PA),227,N,N,9.13,123.891,0.065,26.468,,,,1.074,0.199845311,3.152496989,2.522485249,9.087033118,3.78250873,2044.468613,5.597450002,1.53035,1.40E-09,3.64E-09,8.93E-06,3.55E-06,
    68 Leto (A861 HB),68,N,N,6.9,122.509,0.228,14.848,0.845,,S,3.137,0.184340944,2.782761579,2.269784682,7.960518538,3.295738477,1695.557119,4.642182394,1.27427,1.87E-09,2.54E-09,6.98E-06,2.32E-06,
   127 Johanna (A872 VB),127,N,N,8.54,122,0.042,12.7988,,Ch,CX,,0.063328727,2.755860204,2.581335085,8.238027463,2.930385324,1671.029828,4.575030329,1.61253,1.99E-09,2.59E-09,1.23E-05,2.36E-06,
   216 Kleopatra (A880 GB),216,N,N,7.03,122,0.1164,5.385,0.713,Xe,M,30,0.250334274,2.794919893,2.095255652,13.11727472,3.494584134,1706.681473,4.672639216,1.10135,2.39E-09,1.50E-09,4.16E-06,1.37E-06,
    56 Melete (A857 RB),56,N,N,8.51,121.333,0.057,18.147,0.697,Xk,P,0.947,0.2368788,2.596936604,1.981777376,8.081030539,3.212095831,1528.588009,4.185045885,0.983495,2.19E-09,1.79E-09,3.71E-06,1.58E-06,
   250 Bettina (A885 RA),250,N,N,7.68,120.995,0.112,5.0545,0.728,Xk,M,2.212,0.136971433,3.141326429,2.711054448,12.82180825,3.57159841,2033.611687,5.567725358,1.76265,1.64E-09,3.48E-09,1.03E-05,3.38E-06,
    28 Bellona (A854 EA),28,N,N,7.21,120.9,0.1763,15.706,0.845,S,S,3.4,0.148986451,2.777283791,2.363506137,9.423244063,3.191061445,1690.553098,4.628482131,1.37942,2.03E-09,1.94E-09,5.67E-06,1.77E-06,
    78 Diana (A863 EA),78,N,N,8.4,120.6,0.0706,7.2991,0.713,Ch,C,2.7,0.203492794,2.622632693,2.08894584,8.678735514,3.156319546,1551.331578,4.247314383,1.10724,1.78E-09,2.23E-09,5.93E-06,1.98E-06,
   514 Armida (A903 QC),514,N,N,9.2,120.093,0.03,21.851,0.675,,XC,0.79,0.03680491,3.047209405,2.935057137,3.880789249,3.159361673,1942.906392,5.319387793,1.93921,1.12E-09,2.74E-09,1.84E-05,2.62E-06,
   150 Nuwa (A875 UA),150,N,N,8.58,119.128,0.052,8.1347,0.706,Cb,CX,1.869,0.123917425,2.984739457,2.61487823,2.20152013,3.354600685,1883.467225,5.156652224,1.61078,2.02E-09,1.78E-09,3.25E-06,1.68E-06,
   410 Chloris (A896 AC),410,N,N,8.43,118.929,0.043,32.5,0.748,Ch,C,2.856,0.240006744,2.725912922,2.071675437,10.96342882,3.380150406,1643.865929,4.500659628,1.05426,2.60E-09,2.33E-09,2.67E-06,2.11E-06,
   490 Veritas (A902 RE),490,N,N,8.66,118.803,0.059,7.93,0.75,Ch,C,1.83,0.088500881,3.175356698,2.894334833,9.290085707,3.456378563,2066.746467,5.658443443,1.89359,1.50E-09,4.88E-09,1.59E-05,4.77E-06,
    74 Galatea (A862 QA),74,N,N,8.91,118.71,0.0431,17.268,0.686,C,C,2.8,0.236797638,2.78221713,2.123394686,4.070780613,3.441039574,1695.059539,4.640820092,1.12271,1.58E-09,2.07E-09,4.68E-06,1.89E-06,
   141 Lumen (A875 AA),141,N,N,8.38,117.916,0.067,19.87,,Ch,CPF,1.361,0.212985689,2.666393348,2.098489722,11.89575072,3.234296973,1590.320849,4.354061188,1.12401,2.46E-09,2.43E-09,5.40E-06,2.17E-06,
    81 Terpsichore (A864 SA),81,N,N,8.68,117.727,0.045,10.943,0.701,Cb,C,0.734,0.211771083,2.851528563,2.24765727,7.801192622,3.455399857,1758.794165,4.81531599,1.26698,1.34E-09,1.47E-09,2.31E-06,1.36E-06,
   508 Princetonia (A903 HC),508,N,N,8.37,117.241,0.065,52.8,0.732,,C,0.925,0.009215749,3.164497089,3.135333877,13.29835661,3.193660301,2056.153236,5.629440755,2.13377,1.86E-09,3.44E-09,5.80E-05,3.35E-06,
   393 Lampetia (A894 VC),393,N,N,8.37,116.191,0.022,38.455,0.74,Xc,C,27.77,0.332906205,2.780691091,1.854981772,14.82555336,3.706400411,1693.665126,4.637002398,0.909902,1.17E-09,1.31E-09,2.22E-06,1.20E-06,
    63 Ausonia (A861 CA),63,N,N,7.15,116.044,0.125,9.298,0.916,Sa,S,1.747,0.128157107,2.394579216,2.087696871,5.773344963,2.70146156,1353.450073,3.705544347,1.07765,1.94E-09,1.42E-09,5.79E-06,1.20E-06,
    90 Antiope (A866 TA),90,N,N,8.42,115.974,0.058,16.509,0.688,C,C,1.107,0.172446553,3.141267866,2.599567051,2.205400175,3.682968681,2033.554819,5.567569663,1.58511,2.03E-09,3.32E-09,7.90E-06,3.23E-06,
    12 Victoria (A850 RA),12,N,N,7.29,115.087,0.163,8.6599,0.874,L,S,1.199,0.219930701,2.333839594,1.820556617,8.374034564,2.847122572,1302.281683,3.565452931,0.824261,2.36E-09,1.12E-09,4.35E-06,9.38E-07,
   505 Cava (A902 QA),505,N,N,8.74,115,0.04,8.1789,0.683,,FC,,0.24256401,2.687215029,2.035393375,9.822321516,3.339036684,1608.985227,4.40516147,1.05315,1.74E-09,2.88E-09,4.83E-06,2.59E-06,
   129 Antigone (A873 CA),129,N,N,7.02,113,0.151,4.9572,0.717,X,M,,0.213072018,2.868346461,2.257182093,12.26995787,3.479510828,1774.37675,4.857978782,1.27657,2.51E-09,2.38E-09,5.66E-06,2.21E-06,
   206 Hersilia (A879 TC),206,N,N,8.92,113,0.057,11.122,0.69,C,C,,0.040829469,2.74199902,2.630044656,3.780685768,2.853953384,1658.438494,4.540557137,1.64843,1.50E-09,1.93E-09,1.41E-05,1.75E-06,
   517 Edith (A903 SK),517,N,N,9.64,111.89,0.026,9.2747,0.711,,X,0.587,0.179670817,3.155536185,2.588578421,3.2284101,3.722493948,2047.42581,5.605546366,1.60114,9.72E-10,2.71E-09,7.17E-06,2.63E-06,
   230 Athamantis (A882 RA),230,N,N,7.43,111.332,0.164,24.0055,0.871,Sl,S,1.231,0.061101253,2.382363567,2.236798169,9.454642103,2.527928966,1343.106606,3.67722548,1.24876,1.96E-09,1.23E-09,7.09E-06,1.04E-06,
   788 Hohensteina (A914 HE),788,N,N,8.78,111.295,0.041,37.137,,,,0.783,0.136357286,3.12343474,2.697531655,14.35556474,3.549337826,2016.26254,5.520225983,1.71243,1.91E-09,3.63E-09,4.21E-06,3.51E-06,
    40 Harmonia (A856 FA),40,N,N,6.56,111.251,0.22,8.91,0.854,S,S,0.391,0.046289374,2.267850124,2.162872762,4.255751122,2.372827486,1247.440821,3.415306833,1.16351,3.21E-09,1.18E-09,1.16E-05,9.76E-07,
    42 Isis (A856 KB),42,N,N,7.7,110.997,0.139,13.59,0.874,L,S,1.378,0.221926553,2.443792161,1.901449791,8.510020395,2.986134531,1395.387499,3.820362762,0.902678,2.35E-09,1.34E-09,3.86E-06,1.15E-06,
    83 Beatrix (A865 HA),83,N,N,8.73,110.503,0.05,10.111,0.704,X,X,0.829,0.083024511,2.431634711,2.229749429,4.966657446,2.633519992,1384.987737,3.791889766,1.2264,1.76E-09,1.30E-09,5.68E-06,1.11E-06,
    86 Semele (A866 AA),86,N,N,8.71,109.929,0.056,16.634,0.703,,C,0.609,0.217691675,3.10611274,2.429937855,4.820781591,3.782287626,1999.513079,5.474368458,1.43972,1.53E-09,3.08E-09,3.13E-06,2.97E-06,
   140 Siwa (A874 TB),140,N,N,8.45,109.79,0.0676,34.445,0.721,Xc,P,3,0.217954256,2.730571574,2.135431877,3.191291075,3.325711271,1648.08184,4.512202164,1.11884,2.21E-09,2.48E-09,4.79E-06,2.25E-06,
   266 Aline (A887 KA),266,N,N,8.72,109.494,0.027,13.018,0.707,Ch,C,1.003,0.154846394,2.805949391,2.371458247,13.39965963,3.240440536,1716.793963,4.700325703,1.38531,1.56E-09,2.17E-09,6.19E-06,1.99E-06,
   405 Thia (A895 OB),405,N,N,8.79,108.894,0.018,9.95,0.698,Ch,C,0.312,0.243409973,2.584239868,1.955210111,11.93833631,3.213269625,1517.391546,4.154391639,0.972927,2.94E-09,1.52E-09,3.68E-06,1.34E-06,
    37 Fides (A855 TB),37,N,N,7.29,108.35,0.1826,7.3335,0.843,S,S,1.9,0.174714191,2.643038375,2.181262063,3.067627078,3.104814687,1569.47221,4.296980725,1.19701,2.03E-09,1.94E-09,4.03E-06,1.73E-06,
   786 Bredichina (A914 HD),786,N,N,8.87,108.309,0.052,29.434,0.692,,C,0.868,0.152453757,3.191736673,2.705144425,14.51877203,3.678328921,2082.758941,5.702283205,1.71533,1.30E-09,3.46E-09,8.85E-06,3.38E-06,
   134 Sophrosyne (A873 SA),134,N,N,8.96,108,0.0364,17.196,0.69,Ch,C,,0.11512004,2.562915278,2.267872368,11.61241176,2.857958188,1498.648564,4.10307615,1.31655,1.51E-09,1.39E-09,3.28E-06,1.22E-06,
    23 Thalia (A852 XA),23,N,N,7.09,107.53,0.2536,12.312,0.859,S,S,2.2,0.231241779,2.628877066,2.020970858,10.10821722,3.236783275,1556.875354,4.262492412,1.05804,2.42E-09,1.77E-09,4.67E-06,1.57E-06,
   521 Brixia (A904 AE),521,N,N,8.57,107.227,0.073,28.479,0.712,Ch,C,0.494,0.278391471,2.743246455,1.979550039,10.58419099,3.506942871,1659.570349,4.543655987,1.00424,1.40E-09,1.85E-09,3.62E-06,1.68E-06,
    62 Erato (A860 RD),62,N,N,8.89,106.921,0.048,9.2213,0.708,Ch,BU,0.658,0.167973531,3.129557891,2.603875,2.236946111,3.655240781,2022.194436,5.536466629,1.61315,1.33E-09,3.39E-09,8.80E-06,3.29E-06,
     5 Astraea (A845 XA),5,N,N,6.96,106.699,0.274,16.806,0.826,S,S,3.14,0.187508617,2.576864645,2.09368032,5.359248121,3.06004897,1510.900404,4.13661986,1.10609,2.00E-09,1.34E-09,3.36E-06,1.18E-06,
    58 Concordia (A860 FA),58,N,N,9.03,106.517,0.044,9.895,0.69,Ch,C,0.741,0.045696809,2.699846364,2.576472,5.072163969,2.823220727,1620.343173,4.43625783,1.57621,1.36E-09,1.78E-09,1.03E-05,1.60E-06,
    91 Aegina (A866 VA),91,N,N,9.12,103.402,0.048,6.025,0.724,Ch,CP,0.483,0.108182769,2.590333357,2.310103921,2.102439956,2.870562792,1522.761592,4.169094022,1.32686,1.52E-09,1.74E-09,4.97E-06,1.53E-06,
    35 Leukothea (A855 HA),35,N,N,8.68,103.055,0.066,31.9,0.703,C,C,1.201,0.217263308,3.00569867,2.352670633,7.86606907,3.658726707,1903.340924,5.211063447,1.35254,1.43E-09,2.78E-09,6.10E-06,2.64E-06,
   275 Sapientia (A888 GB),275,N,N,9.03,103,0.049,14.933,0.723,C,X,,0.162130091,2.77377234,2.324060378,4.765853424,3.223484303,1687.347944,4.619706895,1.33111,1.66E-09,1.63E-09,3.51E-06,1.49E-06,
   424 Gratia (A896 YD),424,N,N,9.73,102.565,0.027,20.063,,,,0.644,0.109920229,2.77308491,2.468266781,8.223379714,3.077903039,1686.720714,4.617989634,1.4859,1.10E-09,2.09E-09,6.64E-06,1.91E-06,
   431 Nephele (A897 YB),431,N,N,9.08,101.9,0.055,13.53,0.643,B,B,0.988,0.171735961,3.145882266,2.605621153,1.829988468,3.686143379,2038.037284,5.579841982,1.59481,1.23E-09,3.07E-09,2.16E-06,2.98E-06,
   481 Emita (A902 CB),481,N,N,8.79,101.829,0.032,14.412,,Ch,C,26.738,0.157214741,2.74013261,2.309343373,9.848859311,3.170921848,1656.745497,4.535921962,1.32164,1.21E-09,1.08E-09,2.50E-06,9.76E-07,
   494 Virtus (A902 TF),494,N,N,9.28,100.786,0.065,40.42,0.728,Ch,C,0.731,0.064234988,2.985633761,2.793851613,7.077691633,3.177415908,1884.31379,5.158969992,1.78177,2.11E-09,2.76E-09,5.01E-06,2.61E-06,
    97 Klotho (A868 DB),97,N,N,7.79,100.717,0.128,35.15,0.716,,M,0.641,0.257616852,2.668261893,1.980872664,11.77537142,3.355651121,1591.99283,4.358638824,1.03482,2.08E-09,1.61E-09,2.13E-06,1.44E-06,
   233 Asterope (A883 JA),233,N,N,8.42,99.672,0.094,19.694,0.775,K,T,1.146,0.101640759,2.658789536,2.388548149,7.690731362,2.929030924,1583.522973,4.335449618,1.39127,1.24E-09,1.68E-09,4.87E-06,1.50E-06,
   192 Nausikaa (A879 DA),192,N,N,7.21,98.776,0.327,13.625,0.927,Sl,S,1.237,0.245258603,2.403374329,1.813926098,6.79542009,2.99282256,1360.9136,3.72597837,0.816725,2.20E-09,1.22E-09,3.95E-06,1.04E-06,
    21 Lutetia (A852 VA),21,N,N,7.49,98,0.19,8.1655,0.686,Xk,M,2,0.164783277,2.434023678,2.032937279,3.064568685,2.835110076,1387.029267,3.797479169,1.02311,2.05E-09,1.37E-09,4.27E-06,1.17E-06,
   362 Havnia (A893 EG),362,N,N,9.11,98,0.052,16.92,0.715,,XC,,0.044653261,2.578214969,2.463089262,8.05730767,2.693340676,1512.088168,4.139871782,1.47547,1.25E-09,1.26E-09,8.37E-06,1.11E-06,
    53 Kalypso (A858 GA),53,N,N,8.88,97.262,0.028,9.036,0.705,,XC,26.598,0.20298836,2.618578447,2.087037504,5.181938586,3.150119391,1547.735736,4.237469504,1.10726,1.40E-09,1.79E-09,3.45E-06,1.59E-06,
   335 Roberta (A892 RB),335,N,N,9.09,97.109,0.049,12.054,0.624,B,FP,0.85,0.171527139,2.47641983,2.051646622,5.102492383,2.901193038,1423.42581,3.897127475,1.03687,2.13E-09,1.42E-09,3.25E-06,1.23E-06,
   162 Laurentia (A876 HB),162,N,N,9.09,97.021,0.051,11.8686,0.747,Ch,STU,0.493,0.182998611,3.014262554,2.462656694,6.091999472,3.565868414,1911.481259,5.233350469,1.48008,1.51E-09,2.27E-09,4.52E-06,2.16E-06,
   363 Padua (A893 FD),363,N,N,9.03,97,0.059,8.401,0.751,X,XC,,0.072963673,2.746369557,2.545984346,5.950233824,2.946754767,1662.40521,4.551417413,1.54879,1.23E-09,1.64E-09,6.02E-06,1.49E-06,
   769 Tatjana (A913 TD),769,N,N,9.17,96.72,0.052,35.08,,,,0.684,0.186487335,3.169236787,2.578214265,7.368423025,3.76025931,2060.774442,5.642092927,1.57281,1.49E-09,3.63E-09,8.64E-06,3.55E-06,
   674 Rachele (A908 UK),674,N,N,7.43,96.171,0.206,30.982,0.84,S,S,2.708,0.193067783,2.924099145,2.359549806,13.51317903,3.488648485,1826.36076,5.000303245,1.39311,2.32E-09,2.96E-09,4.48E-06,2.77E-06,
   412 Elisabetha (A896 AB),412,N,N,9.14,96.056,0.044,19.635,,C,,0.424,0.041162074,2.762454322,2.648745973,13.78017285,2.876162671,1677.030979,4.591460585,1.68005,1.16E-09,1.33E-09,1.03E-05,1.21E-06,
    27 Euterpe (A853 VA),27,N,N,7.03,96,0.215,10.4082,0.878,S,S,,0.171563731,2.347173046,1.944483281,1.583323523,2.74986281,1313.4577,3.596051197,0.960672,2.76E-09,1.24E-09,4.58E-06,1.04E-06,
   554 Peraga (A905 AE),554,N,N,9.28,95.87,0.0496,13.7128,0.676,Ch,FC,4.1,0.152849824,2.375173895,2.012128984,2.935883674,2.738218806,1337.031207,3.660591941,1.02644,1.66E-09,1.35E-09,3.14E-06,1.14E-06,
   221 Eos (A882 BA),221,N,N,7.71,95.469,0.166,10.443,0.768,K,S,1.684,0.101059525,3.012518238,2.708074575,10.89025188,3.316961902,1909.822274,5.228808416,1.69713,1.91E-09,3.94E-09,1.28E-05,3.75E-06,
   143 Adria (A875 DA),143,N,N,9.32,95.377,0.044,22.005,0.738,Xc,C,0.698,0.071514023,2.763971165,2.566308469,11.44452917,2.961633861,1678.412437,4.595242811,1.58565,1.25E-09,1.52E-09,5.03E-06,1.38E-06,
   586 Thekla (A906 DK),586,N,N,9.52,95.203,0.04,13.67,0.66,Ch,C:,0.752,0.06546072,3.040349606,2.841326132,1.627925522,3.239373081,1936.349355,5.301435605,1.85717,1.35E-09,1.92E-09,5.84E-06,1.83E-06,
   407 Arachne (A895 TB),407,N,N,9.16,95.07,0.0548,22.627,0.698,,C,5.4,0.070294903,2.624729051,2.440223978,7.521041637,2.809234124,1553.191997,4.252407931,1.45319,1.42E-09,1.44E-09,5.01E-06,1.28E-06,
   404 Arsinoe (A895 MA),404,N,N,9.13,94.97,0.037,8.887,0.675,Ch,C,0.951,0.20160983,2.591897111,2.069345175,14.09820297,3.114449048,1524.14071,4.172869843,1.09794,1.38E-09,1.41E-09,2.95E-06,1.25E-06,
    26 Proserpina (A853 JA),26,N,N,7.47,94.8,0.1966,13.11,0.891,S,S,1.7,0.088630933,2.655142704,2.41981493,3.554525042,2.890470479,1580.266118,4.326532834,1.40576,1.85E-09,2.18E-09,5.17E-06,1.94E-06,
   191 Kolga (A878 SB),191,N,N,9.09,94.536,0.046,17.604,0.675,Cb,XC:,0.433,0.087022497,2.896511601,2.64444993,11.52126785,3.148573272,1800.575495,4.929707036,1.65936,1.91E-09,3.41E-09,9.17E-06,3.18E-06,
   175 Andromache (A877 TA),175,N,N,8.61,94.532,0.094,8.324,0.706,Cg,C,1.084,0.231501672,3.186761612,2.449020969,3.217621989,3.924502255,2077.891145,5.688955907,1.44056,1.77E-09,4.01E-09,9.85E-06,3.92E-06,
   635 Vundtia (A907 LA),635,N,N,9.29,94.415,0.034,11.79,0.675,,C,0.501,0.078554658,3.141114404,2.894365237,11.00817615,3.387863572,2033.405802,5.567161676,1.91639,1.26E-09,2.79E-09,1.06E-05,2.71E-06,
   114 Kassandra (A871 OA),114,N,N,8.45,94.178,0.089,10.7431,0.768,Xk,T,0.954,0.138981508,2.675073687,2.303287912,4.945921051,3.046859461,1598.093007,4.375340196,1.31211,1.48E-09,2.34E-09,4.36E-06,2.09E-06,
   589 Croatia (A906 EC),589,N,N,9.31,93.617,0.041,24.932,0.73,,CX,1.015,0.040304487,3.133353283,3.007065087,10.79903408,3.25964148,2025.874197,5.546541264,2.02448,1.40E-09,2.58E-09,1.55E-05,2.50E-06,
   567 Eleutheria (A905 KB),567,N,N,9.14,93.41,0.0439,7.717,0.652,,CFB:,2.2,0.08334009,3.141528185,2.879712944,9.228971002,3.403343426,2033.807608,5.568261759,1.88574,1.08E-09,3.06E-09,9.96E-06,2.97E-06,
   195 Eurykleia (A879 HA),195,N,N,9.23,93.109,0.051,16.521,0.704,Ch,C,0.719,0.038788957,2.877870145,2.766240564,6.955347203,2.989499726,1783.221196,4.882193555,1.78822,1.55E-09,1.80E-09,9.18E-06,1.67E-06,
    30 Urania (A854 OA),30,N,N,7.57,92.787,0.192,13.686,0.873,Sl,S,2.04,0.126729371,2.365630917,2.065835999,2.093698421,2.665425836,1328.981417,3.638552818,1.07272,2.27E-09,1.29E-09,4.47E-06,1.09E-06,
    38 Leda (A856 AA),38,N,N,8.52,92.255,0.055,12.838,0.726,Cgh,C,0.49,0.150928237,2.742576316,2.328644107,6.951653968,3.156508524,1658.962269,4.541991155,1.3454,2.03E-09,2.03E-09,3.61E-06,1.84E-06,
   957 Camelia (A921 RF),957,N,N,9.87,91.548,0.025,85.05,,,,0.45,0.082094617,2.920225076,2.680490318,14.76020638,3.159959834,1822.73241,4.990369362,1.71691,1.27E-09,2.23E-09,4.68E-06,2.09E-06,
   740 Cantabia (A913 CK),740,N,N,9.16,90.9,0.0552,64.453,0.708,,CX,1.7,0.104670968,3.055212597,2.735420536,10.82102231,3.375004658,1950.565691,5.340357811,1.75873,1.56E-09,2.30E-09,3.76E-06,2.20E-06,
   377 Campania (A893 SD),377,N,N,9.11,90.346,0.06,11.664,0.73,Ch,PD,0.561,0.075225552,2.690377469,2.487992337,6.677600597,2.8927626,1611.826355,4.412940055,1.49717,1.50E-09,2.23E-09,5.70E-06,2.01E-06,
   345 Tercidina (A892 WB),345,N,N,9.05,90.243,0.052,12.371,0.729,Ch,C,24.561,0.061261474,2.32532625,2.182873336,9.743466148,2.467779163,1295.16252,3.545961726,1.20931,1.46E-09,1.07E-09,5.26E-06,8.95E-07,
   358 Apollonia (A893 EC),358,N,N,9.13,90.116,0.05,50.6,,Ch,,0.807,0.151708239,2.877021082,2.440553281,3.553755259,3.313488884,1782.432094,4.880033112,1.45621,1.40E-09,1.90E-09,2.29E-06,1.77E-06,
   758 Mancunia (A912 KB),758,N,N,8.36,88.985,0.121,12.7253,0.745,,X,0.635,0.148204802,3.190974233,2.718056527,5.608781278,3.663891939,2082.012693,5.70024009,1.73408,2.53E-09,5.56E-09,4.14E-06,5.44E-06,
   455 Bruchsalia (A900 KC),455,N,N,8.95,88.792,0.033,11.839,0.694,,CP,0.932,0.294369738,2.656092741,1.874219416,12.01748276,3.437966065,1581.114346,4.328855157,0.9133,1.57E-09,1.74E-09,3.80E-06,1.55E-06,
   552 Sigelinde (A904 XB),552,N,N,9.63,88.697,0.036,17.156,,,,0.966,0.089929132,3.150771615,2.867425459,7.692323879,3.43411777,2042.790424,5.592855369,1.85189,1.26E-09,2.35E-09,3.20E-06,2.28E-06,
   952 Caia (A916 US),952,N,N,9.48,88.692,0.047,7.5,,,,0.422,0.244597049,2.99189467,2.260086062,9.98950261,3.723703279,1890.244038,5.175206128,1.26054,1.15E-09,1.06E-09,2.47E-06,1.01E-06,
   124 Alkeste (A872 QA),124,N,N,8.05,88.648,0.128,9.906,0.844,S,S,1.651,0.078409915,2.629848027,2.423641868,2.963479384,2.836054185,1557.737967,4.26485412,1.4098,1.69E-09,2.04E-09,7.71E-06,1.82E-06,
   240 Vanadis (A884 QB),240,N,N,9.14,87.928,0.031,10.565,0.705,C,C,1.616,0.208908179,2.662520688,2.106298339,2.106269936,3.218743037,1586.857444,4.344578901,1.11843,1.71E-09,1.26E-09,2.63E-06,1.13E-06,
   365 Corduba (A893 FF),365,N,N,9.21,86.773,0.05,12.705,0.714,C,X,0.364,0.155397764,2.803705964,2.368016326,12.79578829,3.239395601,1714.735444,4.694689786,1.38559,1.14E-09,1.98E-09,3.14E-06,1.82E-06,
   210 Isabella (A879 VA),210,N,N,9.41,86.65,0.0436,6.672,0.667,Cb,CF,2.3,0.123283815,2.721803506,2.386249186,5.258795127,3.057357826,1640.150047,4.490486096,1.39533,1.24E-09,1.46E-09,3.61E-06,1.32E-06,
   346 Hermentaria (A892 WC),346,N,N,7.31,86.447,0.332,28.523,0.843,S,S,1.926,0.102744667,2.79499908,2.507827829,8.757979897,3.08217033,1706.754005,4.672837796,1.52736,1.92E-09,2.82E-09,4.94E-06,2.58E-06,
   366 Vincentina (A893 FG),366,N,N,8.66,86.368,0.091,12.7365,,Ch,,0.342,0.059785133,3.147478777,2.959306339,10.57981934,3.335651216,2039.588913,5.584090111,1.94962,2.06E-09,4.43E-09,9.51E-06,4.30E-06,
   202 Chryseis (A879 RA),202,N,N,7.67,86.15,0.2562,23.67,0.875,,S,2.4,0.105139885,3.067590752,2.745064614,8.853205423,3.39011689,1962.431727,5.372845249,1.75828,1.77E-09,3.92E-09,1.32E-05,3.76E-06,
   110 Lydia (A870 HA),110,N,N,7.83,86.09,0.1808,10.927,0.705,X,M,2,0.07910006,2.732703531,2.516546518,5.95940309,2.948860543,1650.012384,4.517487703,1.51495,2.30E-09,2.85E-09,1.00E-05,2.58E-06,
   201 Penelope (A879 PA),201,N,N,8.56,85.877,0.04,3.7474,0.72,X,M,3.141,0.180112422,2.680864825,2.198007768,5.760729795,3.163721883,1603.285267,4.38955583,1.18757,2.07E-09,1.65E-09,3.09E-06,1.48E-06,
   385 Ilmatar (A894 EA),385,N,N,7.8,85.837,0.242,62.35,0.847,,S,0.576,0.126920632,2.847606423,2.486186415,13.58186455,3.20902643,1755.166708,4.805384553,1.4919,3.30E-09,3.51E-09,3.72E-06,3.24E-06,
   100 Hekate (A868 NA),100,N,N,7.75,85.734,0.205,27.066,0.838,S,S,1.961,0.167976153,3.090445716,2.571324535,6.430925832,3.609566898,1984.404057,5.43300221,1.55535,2.51E-09,5.10E-09,1.31E-05,4.92E-06,
   449 Hamburga (A899 UE),449,N,N,9.9,85.59,0.0393,36.516,0.701,,C,1.9,0.173737919,2.550231152,2.107159298,3.079210625,2.993303005,1487.536896,4.072654062,1.1223,1.33E-09,8.72E-10,1.76E-06,7.63E-07,
   579 Sidonia (A905 VK),579,N,N,8.01,85.57,0.1748,16.29,0.818,K,S,2.2,0.076188052,3.011859497,2.78239179,11.0173522,3.241327205,1909.195883,5.227093451,1.77992,1.80E-09,2.58E-09,6.30E-06,2.45E-06,
   924 Toni (A919 UF),924,N,N,9.58,85.49,0.0432,19.437,0.72,X,CX,2.5,0.152998333,2.938553673,2.488959859,8.987457774,3.388147487,1839.919695,5.037425585,1.49463,1.07E-09,1.70E-09,4.16E-06,1.59E-06,
   416 Vaticana (A896 JA),416,N,N,7.72,85.47,0.1689,5.372,0.892,Sl,S,1.7,0.219731725,2.791857392,2.178397752,12.83212779,3.405317033,1703.877127,4.664961334,1.16674,2.21E-09,4.32E-09,6.97E-06,3.95E-06,
   447 Valentine (A899 UD),447,N,N,9.05,85.224,0.061,9.651,0.778,,TD,0.38,0.045793002,2.984274684,2.847615788,4.797916905,3.120933581,1883.027311,5.155447807,1.85398,1.20E-09,2.15E-09,8.49E-06,2.03E-06,
   664 Judith (A908 MC),664,N,N,9.93,85.214,0.04,19.306,0.695,,XC,0.588,0.241614132,3.17858987,2.410597638,8.569044239,3.946582103,2069.903836,5.667087847,1.41098,8.82E-10,2.15E-09,5.60E-06,2.10E-06,
   318 Magdalena (A891 SA),318,N,N,9.47,85,0.054,42.65,0.685,,CXF,,0.085363214,3.196789113,2.923900918,10.65908711,3.469677307,2087.70633,5.71582842,1.96079,1.36E-09,2.53E-09,3.80E-06,2.48E-06,
    17 Thetis (A852 HA),17,N,N,7.92,84.899,0.193,12.27048,0.829,Sl,S,2.027,0.131258395,2.472822588,2.148243864,5.59392353,2.797401311,1420.325439,3.88863912,1.13512,2.22E-09,1.29E-09,5.81E-06,1.11E-06,
   530 Turandot (A904 GB),530,N,N,9.38,84.85,0.0472,19.961,0.664,,F,2.6,0.21678272,3.191558597,2.499683842,8.561319269,3.883433352,2082.584639,5.701805992,1.48862,1.53E-09,3.89E-09,8.42E-06,3.81E-06,
    55 Pandora (A858 RB),55,N,N,7.83,84.794,0.204,4.804,0.704,X,M,2.501,0.145062578,2.757849808,2.357789004,7.176481152,3.157910612,1672.839764,4.579985664,1.35783,1.88E-09,1.86E-09,3.12E-06,1.69E-06,
   379 Huenna (A894 AA),379,N,N,9.1,84.787,0.046,14.141,0.672,C,B,1.558,0.179050249,3.141891752,2.57933525,1.671030004,3.704448254,2034.160675,5.569228404,1.57283,1.60E-09,2.35E-09,4.43E-06,2.28E-06,
    50 Virginia (A857 TA),50,N,N,9.42,84.074,0.05,14.315,0.703,Ch,X,0.242,0.284555655,2.651119343,1.896728342,2.839129815,3.405510343,1576.675592,4.316702509,0.896648,1.44E-09,1.55E-09,3.20E-06,1.38E-06,
   103 Hera (A868 RA),103,N,N,7.74,83.908,0.217,23.74,0.853,S,S,2.091,0.081043207,2.702774435,2.483732928,5.426017176,2.921815942,1622.979859,4.443476686,1.47045,1.38E-09,1.97E-09,5.32E-06,1.77E-06,
   415 Palatia (A896 CA),415,N,N,9.46,83.56,0.063,20.73,0.714,,DP,1.358,0.300742661,2.790577887,1.951332066,8.221299929,3.629823707,1702.705934,4.661754782,0.980032,1.41E-09,2.43E-09,5.41E-06,2.23E-06,
   976 Benjamina (A922 FD),976,N,N,9.43,83.195,0.052,9.701,0.74,,XD:,0.542,0.110324287,3.192268311,2.840083587,7.726733152,3.544453036,2083.279341,5.703707983,1.83914,2.06E-09,4.95E-09,5.18E-06,4.85E-06,
   348 May (A892 WE),348,N,N,9.58,82.82,0.0448,7.3812,,X,,2.2,0.072297009,2.967483696,2.7529435,9.759794379,3.182023891,1867.157438,5.111998462,1.77038,1.04E-09,1.76E-09,7.42E-06,1.66E-06,
   102 Miriam (A868 QA),102,N,N,9.44,82.595,0.051,23.613,0.726,C,P,0.4,0.251265044,2.664138789,1.99473384,5.171916162,3.333543738,1588.304241,4.348540017,0.992468,9.26E-10,1.40E-09,3.56E-06,1.25E-06,
   109 Felicitas (A869 TA),109,N,N,8.98,82.588,0.036,13.191,0.696,Ch,GC,0.616,0.300517842,2.692922852,1.883651488,7.846155793,3.502194216,1614.114335,4.419204202,0.908663,1.52E-09,2.03E-09,4.86E-06,1.83E-06,
  1171 Rusthawelia (1930 TA),1171,N,N,10.02,82.229,0.029,10.98,0.678,,P,1.004,0.194805301,3.174075375,2.555748667,3.086319072,3.792402082,2065.49563,5.655018836,1.56862,8.95E-10,2.03E-09,5.36E-06,1.98E-06,
   693 Zerbinetta (A909 SD),693,N,N,9.51,82.114,0.055,11.475,0.776,,ST,0.474,0.029712901,2.943115906,2.855667395,14.19131421,3.030564417,1844.206191,5.049161372,1.87539,1.40E-09,2.30E-09,9.96E-06,2.16E-06,
   213 Lilaea (A880 DA),213,N,N,9.09,82.096,0.092,12.042,0.65,B,F,0.935,0.145640533,2.754601345,2.353419737,6.819570364,3.155782954,1669.884985,4.571895921,1.33622,1.41E-09,1.84E-09,3.05E-06,1.68E-06,
   498 Tokio (A902 XA),498,N,N,8.86,81.83,0.0694,41.85,0.78,,M,2.3,0.2239696,2.649793245,2.056320113,9.502635896,3.243266377,1575.492753,4.313464073,1.06518,1.63E-09,1.22E-09,2.78E-06,1.09E-06,
   454 Mathesis (A900 FB),454,N,N,9.39,81.743,0.055,8.378,0.662,,CB,1.432,0.11181948,2.626595668,2.332891105,6.292830232,2.920300231,1554.849156,4.256944987,1.32637,1.54E-09,1.37E-09,4.32E-06,1.22E-06,
   503 Evelyn (A903 BL),503,N,N,9.29,81.68,0.0585,38.871,0.725,Ch,XC,4.9,0.173170368,2.725463951,2.253494356,5.011308204,3.197433546,1643.459817,4.499547754,1.27265,1.17E-09,1.11E-09,2.43E-06,1.01E-06,
   696 Leonora (A916 BD),696,N,N,9.48,81.58,0.022,26.8964,,,XC,0.86,0.24810174,3.175059639,2.387321817,13.01494305,3.962797461,2066.456454,5.657649429,1.43632,1.54E-09,3.32E-09,6.90E-06,3.24E-06,
   163 Erigone (A876 HC),163,N,N,9.77,81.579,0.033,16.136,0.717,Ch,C,3.062,0.191972551,2.366634135,1.912305342,4.815056163,2.820962928,1329.826899,3.640867621,0.934195,1.30E-09,1.21E-09,3.18E-06,1.02E-06,
   613 Ginevra (A906 TD),613,N,N,9.85,81.344,0.028,12.906,0.692,,P,0.352,0.056403765,2.92065114,2.755915421,7.669401587,3.085386859,1823.131332,4.991461552,1.77816,1.21E-09,2.07E-09,9.63E-06,1.94E-06,
   160 Una (A876 DA),160,N,N,9.1,81.24,0.0625,11.033,0.718,C,CX,2.1,0.065609409,2.727665331,2.548704821,3.81880138,2.90662584,1645.451373,4.505000338,1.56199,1.43E-09,1.58E-09,5.54E-06,1.43E-06,
   551 Ortrud (A904 WC),551,N,N,9.79,81.113,0.04,17.416,0.673,C,XC,0.711,0.11879151,2.968948508,2.616262632,0.394137917,3.321634385,1868.540111,5.115784014,1.63112,1.38E-09,2.43E-09,5.21E-06,2.29E-06,
    32 Pomona (A854 UA),32,N,N,7.75,80.76,0.2564,9.448,0.857,S,S,1.6,0.081306691,2.587847794,2.377438454,5.520820472,2.798257134,1520.570361,4.16309476,1.37448,1.87E-09,1.44E-09,5.69E-06,1.27E-06,
   478 Tergeste (A901 SC),478,N,N,7.93,80.738,0.174,16.11,0.85,L,S,1.032,0.080708558,3.018680176,2.775046853,13.17479916,3.262313499,1915.684922,5.244859471,1.82045,2.19E-09,5.60E-09,9.41E-06,5.34E-06,
   779 Nina (A914 BH),779,N,N,7.96,80.572,0.157,11.186,,X,,2.22,0.226277282,2.664512815,2.061594099,14.57386355,3.267431532,1588.638733,4.349455805,1.07834,1.68E-09,2.02E-09,4.33E-06,1.81E-06,
   115 Thyra (A871 PA),115,N,N,7.75,79.83,0.2747,7.241,0.851,S,S,1.4,0.192356182,2.380017876,1.922206725,11.58738111,2.837829026,1341.123447,3.671795884,0.971511,1.81E-09,1.44E-09,4.15E-06,1.22E-06,
   559 Nanon (A905 EB),559,N,N,9.54,79.82,0.05,10.059,0.733,Xk,C,2.7,0.066551319,2.710763639,2.530358742,9.312929463,2.891168536,1630.18129,4.463193127,1.52484,1.28E-09,1.64E-09,5.49E-06,1.48E-06,
   223 Rosa (A882 EA),223,N,N,9.88,79.806,0.02,20.283,0.706,,X,0.307,0.120681176,3.092318254,2.719133649,1.923022826,3.465502859,1986.207891,5.437940838,1.73594,1.45E-09,2.65E-09,5.74E-06,2.55E-06,
   691 Lehigh (A909 XB),691,N,N,9.31,79.451,0.053,12.891,0.743,,CD:,0.564,0.125570173,3.008692036,2.630890056,13.02285058,3.386494017,1906.18493,5.21884991,1.66374,9.40E-10,1.82E-09,2.71E-06,1.73E-06,
   535 Montague (A904 JE),535,N,N,9.56,79.299,0.054,10.2482,0.752,,C,0.978,0.026283019,2.56854741,2.501038229,6.7734542,2.636056592,1503.591308,4.116608646,1.52065,1.62E-09,1.50E-09,1.06E-05,1.31E-06,
   135 Hertha (A874 DA),135,N,N,8.31,79.24,0.1436,8.403,0.698,Xk,M,2,0.208371923,2.426899165,1.92120152,2.303289052,2.93259681,1380.943866,3.780818251,0.907707,2.39E-09,1.30E-09,2.59E-06,1.11E-06,
    84 Klio (A865 QA),84,N,N,9.32,79.16,0.0527,23.562,0.733,Ch,G,1.6,0.235450194,2.362396782,1.806170002,9.313668688,2.918623563,1326.257004,3.631093783,0.79803,1.44E-09,1.01E-09,3.09E-06,8.52E-07,
  1107 Lictoria (1929 FB),1107,N,N,9.53,79.079,0.066,8.5616,,Xc,,0.298,0.118800078,3.187659131,2.808964979,7.073236356,3.566353283,2078.769032,5.691359431,1.82576,9.67E-10,2.59E-09,2.21E-06,2.53E-06,
   639 Latona (A907 OA),639,N,N,8.34,78.509,0.123,6.193,0.836,,S,1.161,0.110680799,3.013448113,2.679917268,8.574335043,3.346978957,1910.7066,5.231229569,1.687,1.90E-09,3.83E-09,4.52E-06,3.64E-06,
   676 Melitta (A909 BO),676,N,N,9.63,78.369,0.049,16.743,,,XC,0.436,0.122581601,3.067165099,2.691187091,12.8489741,3.443143107,1962.023287,5.371727,1.68033,7.85E-10,1.68E-09,2.40E-06,1.61E-06,
   598 Octavia (A906 GC),598,N,N,9.65,78.237,0.044,10.8903,0.745,X,C:,0.524,0.25092927,2.75927888,2.066895047,12.23449556,3.451662714,1674.140189,4.583546035,1.10667,9.38E-10,9.52E-10,1.55E-06,8.66E-07,
   583 Klotilde (A905 YD),583,N,N,9.32,78.236,0.072,9.2135,0.664,,C,0.341,0.159433721,3.177281214,2.670715449,8.241489088,3.683846979,2068.625669,5.663588415,1.69612,1.33E-09,2.90E-09,7.22E-06,2.83E-06,
   866 Fatme (A917 DG),866,N,N,9.68,78.061,0.046,11.6,,X,,0.36,0.051816081,3.123414441,2.961571344,8.660993939,3.285257538,2016.242885,5.520172169,1.97185,1.46E-09,1.87E-09,5.17E-06,1.81E-06,
   972 Cohnia (A922 BD),972,N,N,9.66,77.827,0.049,18.472,,,,0.418,0.234891513,3.05677664,2.33876575,8.369133992,3.77478753,1952.0637,5.344459139,1.35729,1.57E-09,2.63E-09,5.06E-06,2.52E-06,
   236 Honoria (A884 HA),236,N,N,8.19,77.708,0.156,12.338,0.852,L,S,1.234,0.189668665,2.799687296,2.268674345,7.69736077,3.330700247,1711.050064,4.684599765,1.26459,2.07E-09,2.85E-09,5.79E-06,2.62E-06,
   464 Megaira (A901 AB),464,N,N,9.71,77.056,0.045,12.879,0.638,C,FXU:,0.45,0.203850924,2.803368949,2.231899598,10.16244746,3.3748383,1714.426278,4.693843335,1.25378,1.31E-09,1.80E-09,3.87E-06,1.65E-06,
   205 Martha (A879 TB),205,N,N,9.42,76.983,0.061,14.911,0.688,Ch,C,0.601,0.035894377,2.777004701,2.677325847,10.70634164,2.876683554,1690.298279,4.627784472,1.68062,9.83E-10,1.19E-09,7.43E-06,1.09E-06,
   675 Ludmilla (A908 QH),675,N,N,8.12,76,,7.717,0.847,S,S,,0.204989956,2.767038186,2.199823149,9.810978298,3.334253223,1681.206869,4.602893549,1.21669,1.60E-09,1.47E-09,2.42E-06,1.34E-06,
   245 Vera (A885 CA),245,N,N,7.96,75.949,0.228,14.38,0.841,S,S,2.626,0.197575892,3.095080969,2.483567587,5.179189068,3.70659435,1988.870239,5.445229949,1.49069,2.65E-09,2.92E-09,5.99E-06,2.81E-06,
  1114 Lorraine (1928 WA),1114,N,N,10.12,75.631,0.031,20.71,,Xc,,0.625,0.071709774,3.093769664,2.87191614,10.72083357,3.315623188,1987.606424,5.441769814,1.88337,8.17E-10,2.08E-09,7.75E-06,2.01E-06,
   784 Pickeringia (A914 FC),784,N,N,9.3,75.596,0.086,13.169,,C,,0.311,0.240927118,3.097951163,2.351570718,12.28058536,3.844331607,1991.63742,5.452806079,1.36366,1.17E-09,2.35E-09,1.86E-06,2.27E-06,
    72 Feronia (A861 KA),72,N,N,9.08,74.966,0.083,8.097,0.785,,TDG,1.168,0.121401141,2.266170521,1.991054833,5.417802768,2.541286209,1246.055268,3.411513397,0.98389,1.54E-09,1.09E-09,3.85E-06,8.97E-07,
   331 Etheridgea (A892 GA),331,N,N,9.93,74.92,0.0447,25.315,0.698,C,CX,2.7,0.095198248,3.025862756,2.737805924,6.035604477,3.313919588,1922.526194,5.263589853,1.73411,1.03E-09,1.79E-09,5.63E-06,1.70E-06,
  1469 Linzia (1938 QD),1469,N,N,9.94,74.78,0.038,22.215,,,,0.359,0.0609344,3.12524908,2.934813902,13.41936859,3.315684257,2018.019604,5.525036561,1.94413,1.63E-09,3.76E-09,1.09E-05,3.64E-06,
   389 Industria (A894 EE),389,N,N,7.97,74.378,0.225,8.4973,0.855,S,S,1.883,0.066415512,2.608414219,2.435175052,8.123491198,2.781653386,1538.732991,4.212821331,1.45081,1.60E-09,1.81E-09,8.82E-06,1.60E-06,
   576 Emanuela (A905 SK),576,N,N,9.5,74.378,0.055,20.372,,,,0.319,0.192161857,2.994293142,2.418904211,10.21235791,3.569682072,1892.517483,5.181430481,1.41079,1.06E-09,1.76E-09,2.06E-06,1.67E-06,
   634 Ute (A907 JJ),634,N,N,9.9,74.017,0.043,11.7554,,X,,0.633,0.180454453,3.049345803,2.499077774,12.29115785,3.599613832,1944.950006,5.324982906,1.50597,8.98E-10,1.86E-09,4.54E-06,1.78E-06,
   983 Gunila (A922 OD),983,N,N,9.54,73.87,0.0477,16.633,0.744,,XD,1.3,0.089064113,3.16259915,2.880925062,14.8629058,3.444273237,2054.303715,5.624377044,1.8679,1.28E-09,2.17E-09,6.67E-06,2.12E-06,
   369 Aeria (A893 NA),369,N,N,8.62,73.767,0.127,4.778,0.711,,M,1.072,0.098722015,2.647635983,2.386256024,12.72666199,2.909015943,1573.569174,4.308197601,1.42393,1.55E-09,1.75E-09,5.76E-06,1.56E-06,
   231 Vindobona (A882 RB),231,N,N,9.72,73.545,0.068,14.245,,,,1.407,0.15729686,2.917942589,2.458959383,5.089733472,3.376925796,1820.595819,4.984519697,1.44883,1.05E-09,1.67E-09,4.47E-06,1.56E-06,
   465 Alekto (A901 AC),465,N,N,9.84,73.34,0.0433,10.936,,,,2.8,0.19754351,3.111514448,2.496854964,4.664658391,3.726173933,2004.731248,5.488655026,1.49129,9.07E-10,2.22E-09,5.16E-06,2.15E-06,
   636 Erika (A907 CE),636,N,N,9.7,73.147,0.048,14.603,,,,0.565,0.17151306,2.914429597,2.41456686,7.911500752,3.414292335,1817.309011,4.975520905,1.41586,8.89E-10,1.40E-09,1.75E-06,1.31E-06,
   569 Misa (A905 OE),569,N,N,10.04,72.95,0.0297,11.595,0.716,Cg,C,1.6,0.178813911,2.659432718,2.183889153,1.287765648,3.134976284,1584.097608,4.337022882,1.19972,1.08E-09,1.05E-09,2.71E-06,9.35E-07,
   257 Silesia (A886 GB),257,N,N,9.68,72.66,0.0545,15.7095,0.761,Ch,SCTU,2.2,0.112404588,3.119250613,2.768632532,3.612006069,3.469868694,2012.212444,5.509137424,1.78259,9.37E-10,2.07E-09,7.11E-06,2.00E-06,
   333 Badenia (A892 QA),333,N,N,9.57,72.199,0.047,9.862,0.773,,C:,0.259,0.159762863,3.129674259,2.629668538,3.738775443,3.62967998,2022.307227,5.536775432,1.63059,1.41E-09,2.11E-09,3.54E-06,2.05E-06,
   133 Cyrene (A873 QA),133,N,N,8.03,72.175,0.279,12.708,0.907,S,SR,0.932,0.130296883,3.074195082,2.673637045,7.224512738,3.474753119,1968.772625,5.390205681,1.66865,2.72E-09,4.94E-09,1.08E-05,4.75E-06,
    66 Maja (A861 GA),66,N,N,9.53,71.82,0.016,9.73509,0.697,Ch,C,5.3,0.172075626,2.646772517,2.191327479,3.043199894,3.102217554,1572.79946,4.30609024,1.20245,1.44E-09,1.25E-09,3.40E-06,1.12E-06,
   116 Sirona (A871 RA),116,N,N,7.78,71.7,0.256,12.028,0.873,Sk,S,5.8,0.138052693,2.768396033,2.386211506,3.561361782,3.15058056,1682.444529,4.606282079,1.39796,1.86E-09,2.15E-09,6.28E-06,1.96E-06,
    43 Ariadne (A857 GA),43,N,N,7.93,71.34,0.234,5.76218,0.863,Sk,S,1.254,0.168147324,2.203478106,1.832969159,3.470553261,2.573987053,1194.707352,3.270930465,0.815118,2.06E-09,1.35E-09,3.88E-06,1.10E-06,
   760 Massinga (A913 QD),760,N,N,7.87,71.29,0.2276,10.72,0.947,,SU,1.9,0.234497447,3.147341248,2.409297761,12.54216344,3.885384735,2039.455234,5.583724119,1.41922,2.54E-09,4.55E-09,4.70E-06,4.42E-06,
   313 Chaldaea (A891 QB),313,N,N,9.17,71.183,0.044,8.392,0.715,,C,17.773,0.180833786,2.37564679,1.946049586,11.64374582,2.805243994,1337.430529,3.661685227,0.975648,1.51E-09,1.42E-09,3.13E-06,1.20E-06,
  1262 Sniadeckia (1933 FE),1262,N,N,10.28,71.011,0.028,17.57,0.74,C,,0.457,0.003833966,3.006516732,2.994989848,13.14348902,3.018043616,1904.118027,5.213191039,1.97916,7.48E-10,1.35E-09,7.77E-05,1.28E-06,
   718 Erida (A911 SA),718,N,N,9.7,70.911,0.042,17.447,,X,,1.283,0.192383062,3.069796059,2.479219293,6.891502626,3.660372824,1964.548311,5.378640139,1.47182,1.01E-09,2.12E-09,4.97E-06,2.03E-06,
    44 Nysa (A857 KA),44,N,N,6.75,70.64,0.482,6.422,0.703,Xc,E,4,0.149877697,2.423190705,2.060008462,3.71255278,2.786372948,1377.779817,3.772155556,1.07617,2.42E-09,1.52E-09,9.57E-06,1.29E-06,
   538 Friederike (A904 OA),538,N,N,9.57,70.64,0.065,46.728,,,,0.353,0.172315234,3.154214149,2.610694999,6.524493627,3.697733299,2046.139268,5.602024006,1.61346,1.35E-09,2.94E-09,2.79E-06,2.86E-06,
   943 Begonia (A920 UA),943,N,N,9.74,70.572,0.044,15.66,0.783,,ST,2.446,0.214718518,3.113551803,2.445014573,12.11356674,3.782089033,2006.700555,5.494046693,1.46096,8.16E-10,1.96E-09,5.20E-06,1.90E-06,
   179 Klytaemnestra (A877 VC),179,N,N,8.26,69.946,0.198,11.173,0.832,Sk,S,0.518,0.109265647,2.972734515,2.647916753,7.817421377,3.297552276,1872.115397,5.125572613,1.65668,2.09E-09,3.59E-09,1.06E-05,3.39E-06,
  1243 Pamela (1932 JE),1243,N,N,9.66,69.883,0.04,25.96,,,,0.42,0.045346213,3.09835897,2.957860123,13.26357416,3.238857816,1992.030695,5.453882806,1.95812,2.42E-09,5.39E-09,1.51E-05,5.20E-06,
   322 Phaeo (A891 WB),322,N,N,9.15,69.855,0.089,17.5845,0.719,X,X,0.32,0.244028676,2.783822618,2.10449007,8.045606265,3.463155165,1696.526959,4.644837671,1.11803,2.09E-09,2.64E-09,5.74E-06,2.42E-06,
   112 Iphigenia (A870 SA),112,N,N,9.77,69.818,0.042,31.466,0.696,Ch,DCX,1.818,0.127916087,2.433857452,2.122527931,2.597037723,2.745186972,1386.887183,3.797090166,1.11254,1.35E-09,1.05E-09,2.91E-06,9.01E-07,
   429 Lotis (A897 WB),429,N,N,9.99,69.62,0.043,13.577,0.741,,C,1.5,0.124270096,2.606169001,2.28230013,9.543655478,2.930037872,1536.7467,4.207383162,1.28767,1.33E-09,1.15E-09,2.71E-06,1.02E-06,
   578 Happelia (A905 VJ),578,N,N,9.54,69.29,0.0769,10.061,,Xc,,2.1,0.19514448,2.750456354,2.213719979,6.126855377,3.287192729,1666.11726,4.561580451,1.20635,1.28E-09,1.41E-09,2.55E-06,1.28E-06,
  1085 Amaryllis (1927 QH),1085,N,N,9.81,69.281,0.067,18.111,,,,0.124,0.039116635,3.193839079,3.068906843,6.651025396,3.318771315,2084.817158,5.707918297,2.05536,1.41E-09,2.74E-09,1.09E-05,2.68E-06,
   368 Haidea (A893 KC),368,N,N,9.93,69.277,0.038,9.823,0.734,,D,0.195,0.206579942,3.069587266,2.435472107,7.784643746,3.703702424,1964.347885,5.378091404,1.43721,1.07E-09,2.53E-09,2.06E-06,2.43E-06,
   177 Irma (A877 VA),177,N,N,9.63,69.049,0.022,13.856,0.73,Ch,C:,0.649,0.234689857,2.77206281,2.121487786,1.381489943,3.422637834,1685.788265,4.615436729,1.12528,1.24E-09,2.30E-09,5.49E-06,2.09E-06,
    80 Sappho (A864 JA),80,N,N,8.05,68.563,0.206,14.03,0.901,S,S,1.033,0.199671169,2.296282028,1.837780711,8.676097554,2.754783345,1270.972831,3.479733967,0.843758,2.33E-09,1.18E-09,3.27E-06,9.78E-07,
   539 Pamina (A904 PD),539,N,N,10.23,68.356,0.052,13.903,,Ch,,0.726,0.213237381,2.738150839,2.154274727,6.799552757,3.322026952,1654.948487,4.531002018,1.16628,7.20E-10,1.08E-09,1.99E-06,9.76E-07,
   648 Pippa (A907 RN),648,N,N,9.57,68.27,0.0509,9.263,0.676,,XC,1.6,0.203063894,3.196116179,2.54710038,9.876191309,3.845131977,2087.047162,5.714023715,1.56328,1.56E-09,2.88E-09,6.39E-06,2.82E-06,
   425 Cornelia (A896 YC),425,N,N,9.76,67.925,0.042,17.505,,C,,1.294,0.057244226,2.886421238,2.72119029,4.051284529,3.051652187,1791.174897,4.903969601,1.7225,8.79E-10,1.22E-09,6.06E-06,1.13E-06,
   607 Jenny (A906 SH),607,N,N,9.97,67.52,0.039,8.521,,,,1.917,0.077816473,2.852347767,2.630388125,10.09225178,3.074307409,1759.552134,4.817391196,1.64028,8.69E-10,1.13E-09,4.47E-06,1.05E-06,
   380 Fiducia (A894 AB),380,N,N,9.62,67.508,0.066,13.69,0.707,,C,2.455,0.114763823,2.67885292,2.371417517,6.163949444,2.986288323,1601.480782,4.38461542,1.36722,1.49E-09,1.56E-09,2.30E-06,1.40E-06,
    99 Dike (A868 KA),99,N,N,9.46,67.354,0.065,18.127,0.703,Xk,C,0.416,0.197712654,2.66324028,2.136683975,13.86365349,3.189796585,1587.5008,4.346340315,1.1273,1.32E-09,1.35E-09,2.89E-06,1.21E-06,
   734 Benda (A912 TF),734,N,N,9.95,67.318,0.051,7.11,,,,0.267,0.102585181,3.148774545,2.825756937,5.802077181,3.471792152,2040.848543,5.587538789,1.84531,1.02E-09,2.88E-09,2.71E-06,2.80E-06,
   861 Aida (A917 BF),861,N,N,9.78,66.85,0.0571,10.95,,,,3.7,0.099183304,3.14198798,2.830355231,8.056106078,3.453620729,2034.254127,5.569484262,1.81429,1.22E-09,2.10E-09,4.86E-06,2.04E-06,
  1306 Scythia (1930 OB),1306,N,N,9.99,66.78,0.035,7.525,0.853,,S,0.71,0.096760868,3.142470092,2.838401957,14.98809842,3.446538227,2034.722354,5.5707662,1.86651,9.01E-10,2.13E-09,6.87E-06,2.07E-06,
   256 Walpurga (A886 GA),256,N,N,9.91,66.634,0.05,16.664,,,,0.422,0.063050193,3.002779101,2.8134533,13.29746113,3.192104902,1900.568398,5.203472685,1.82445,1.09E-09,2.01E-09,6.64E-06,1.91E-06,
  1086 Nata (1927 QL),1086,N,N,9.67,66.27,0.0767,18.061,,Ch,,4.3,0.050217347,3.163642629,3.004772888,8.364446847,3.322512369,2055.320505,5.627160864,2.02356,9.94E-10,2.16E-09,6.67E-06,2.11E-06,
   546 Herodias (A904 TD),546,N,N,9.72,65.945,0.054,10.77,0.766,,TDG,1.505,0.116235627,2.596711814,2.294881388,14.86891181,2.898542241,1528.389543,4.184502514,1.352,1.35E-09,9.65E-10,2.88E-06,8.52E-07,
   271 Penthesilea (A887 TB),271,N,N,9.88,65.901,0.045,18.787,0.724,,PC,0.176,0.103664727,3.003597126,2.69223005,3.53189534,3.314964202,1901.345088,5.205599145,1.69874,9.05E-10,1.41E-09,2.52E-06,1.34E-06,
   101 Helena (A868 PA),101,N,N,8.39,65.84,0.1898,23.08,0.854,S,S,1.3,0.140522869,2.583660776,2.220597351,10.19192324,2.946724201,1516.881536,4.152995306,1.21005,1.86E-09,2.32E-09,6.12E-06,2.04E-06,
   906 Repsolda (A918 UF),906,N,N,9.44,65.752,0.065,15.368,,,,0.213,0.084698973,2.894875486,2.649682504,11.78172873,3.140068468,1799.050109,4.925530756,1.66684,1.27E-09,2.08E-09,7.43E-06,1.94E-06,
  1032 Pafuri (A924 KE),1032,N,N,10.3,65.658,0.042,113,,X,,0.28,0.140796398,3.128956655,2.688410829,9.480262595,3.569502481,2021.611723,5.534871248,1.67147,6.83E-10,1.67E-09,1.56E-06,1.62E-06,
   524 Fidelio (A904 ED),524,N,N,9.84,65.527,0.048,14.198,0.722,,XC,0.957,0.126516455,2.636432641,2.302880529,8.221300931,2.969984753,1563.592025,4.280881657,1.32825,1.04E-09,1.17E-09,2.70E-06,1.04E-06,
   217 Eudora (A880 QA),217,N,N,9.91,65.392,0.049,25.272,,,X,0.293,0.309681054,2.868265325,1.980017896,10.51881799,3.756512755,1774.301464,4.85777266,0.971264,1.01E-09,1.38E-09,2.87E-06,1.28E-06,
   252 Clementina (A885 TB),252,N,N,9.93,65.344,0.047,10.864,,,,0.312,0.06565784,3.160177313,2.952686895,10.03621014,3.367667731,2051.944468,5.617917778,1.95199,1.36E-09,2.04E-09,5.16E-06,1.99E-06,
   382 Dodona (A894 BB),382,N,N,8.77,65.209,0.129,4.113,0.69,,M,0.496,0.164961875,3.135194422,2.618006873,7.400436473,3.652381972,2027.660046,5.551430653,1.62125,1.72E-09,3.45E-09,9.16E-06,3.35E-06,
   516 Amherstia (A903 SG),516,N,N,8.35,65.144,0.202,7.4842,0.736,X,M,0.38,0.275624964,2.677727559,1.939678996,12.95474983,3.415776122,1600.471737,4.381852805,0.978971,1.73E-09,2.05E-09,4.22E-06,1.84E-06,
   441 Bathilde (A898 XA),441,N,N,8.65,65.131,0.204,10.446,0.701,Xk,M,1.065,0.082511137,2.805898933,2.574381023,8.159433282,3.037416844,1716.747655,4.700198919,1.59276,1.69E-09,2.22E-09,8.83E-06,2.04E-06,
   174 Phaedra (A877 RA),174,N,N,8.39,64.849,0.169,5.744,0.858,S,S,0.392,0.145398717,2.85821349,2.442632917,12.10491967,3.273794063,1764.982582,4.832258951,1.45725,1.37E-09,2.44E-09,6.62E-06,2.26E-06,
   258 Tyche (A886 JA),258,N,N,8.25,64.78,0.1676,10.041,0.876,S,S,1.2,0.204856222,2.614489506,2.078895064,14.32679842,3.150083948,1544.111941,4.227548093,1.08531,1.88E-09,1.31E-09,4.09E-06,1.16E-06,
  1424 Sundmania (1937 AJ),1424,N,N,9.98,64.691,0.03,93.73,,X,,0.254,0.055557684,3.190423877,3.013171315,9.159538997,3.367676439,2081.47408,5.698765449,2.0186,1.17E-09,1.74E-09,5.54E-06,1.71E-06,
   337 Devosa (A892 SB),337,N,N,8.96,64.549,0.135,4.653,0.731,X,X,1.303,0.137226516,2.383598881,2.056505912,7.859353334,2.710691851,1344.151392,3.680085947,1.08992,1.66E-09,9.53E-10,3.38E-06,8.06E-07,
   604 Tekmessa (A906 DH),604,N,N,9.58,64.536,0.09,5.5596,,Xc,,0.321,0.191861929,3.15608541,2.550552777,4.415475004,3.761618043,2047.960369,5.607009909,1.55902,1.64E-09,4.03E-09,8.84E-06,3.92E-06,
   342 Endymion (A892 UA),342,N,N,10.24,64.266,0.035,6.319,0.712,Ch,C,1.72,0.129933999,2.567688182,2.234058189,7.352460379,2.901318175,1502.836901,4.114543192,1.25697,9.61E-10,1.22E-09,3.44E-06,1.07E-06,
   485 Genua (A902 JC),485,N,N,8.24,63.88,0.2072,17.59,0.848,S,,2.9,0.189362911,2.751386456,2.230375908,13.86529166,3.272397004,1666.962459,4.563894482,1.29691,2.37E-09,1.68E-09,3.54E-06,1.53E-06,
   949 Hel (A921 EM),949,N,N,9.79,63.494,0.058,16.43,,,,0.743,0.200252838,2.995646865,2.395760079,10.64162519,3.595533651,1893.801042,5.184944674,1.41562,1.21E-09,1.81E-09,3.68E-06,1.71E-06,
    79 Eurynome (A863 RA),79,N,N,7.78,63.479,0.287,5.978,0.874,S,S,0.952,0.191024948,2.443945323,1.977090795,4.613161362,2.910799851,1395.518683,3.820721924,0.987022,1.93E-09,1.28E-09,2.85E-06,1.09E-06,
   336 Lacadiera (A892 SA),336,N,N,9.94,63.356,0.054,13.6958,0.733,Xk,D,11.378,0.094785448,2.252265555,2.038783555,5.648363676,2.465747555,1234.604397,3.38016262,1.02387,1.23E-09,9.70E-10,4.79E-06,7.98E-07,
  1240 Centenaria (1932 CD),1240,N,N,10.17,63.035,0.056,11.2907,,,,0.266,0.175372472,2.866308517,2.363636908,10.1616319,3.368980126,1772.486059,4.852802353,1.35853,1.10E-09,1.70E-09,3.68E-06,1.58E-06,
   264 Libussa (A886 YA),264,N,N,8.3,62.969,0.187,9.2276,0.84,S,S,0.414,0.135089922,2.799120399,2.420987443,10.4250964,3.177253356,1710.530395,4.683176989,1.42904,1.93E-09,2.57E-09,4.59E-06,2.35E-06,
   738 Alagasta (A913 AF),738,N,N,10.02,62.79,0.0398,17.89,0.763,,CGSU,1.2,0.05640515,3.03538954,2.864177939,3.530931716,3.206601142,1931.612809,5.288467651,1.86726,1.20E-09,1.80E-09,4.46E-06,1.72E-06,
   640 Brambilla (A907 QA),640,N,N,9.32,62.667,0.055,7.768,0.753,,G,0.529,0.078350226,3.160233769,2.912628738,13.37052081,3.407838799,2051.999454,5.618068322,1.90337,1.02E-09,2.43E-09,4.30E-06,2.37E-06,
   656 Beagle (A917 ST),656,N,N,10.04,62.604,0.045,7.035,,,,0.512,0.13011248,3.156090747,2.745443955,0.518142011,3.56673754,2047.965565,5.607024133,1.75507,1.13E-09,2.27E-09,5.32E-06,2.21E-06,
   184 Dejopeja (A878 DA),184,N,N,8.37,62.483,0.215,6.4416,0.699,X,X,0.32,0.058923487,3.190652642,3.002648261,1.129909202,3.378657022,2081.697958,5.699378393,2.00209,2.57E-09,4.17E-09,1.21E-05,4.09E-06,
   172 Baucis (A877 CA),172,N,N,8.72,62.43,0.1382,27.417,0.89,L,S,1.2,0.114132777,2.379719179,2.108115222,10.0160019,2.651323136,1340.870984,3.67110468,1.09595,2.00E-09,1.43E-09,4.44E-06,1.21E-06,
    75 Eurydike (A862 SA),75,N,N,9.22,62.377,0.117,5.357,0.71,Xk,M,1.603,0.3053352,2.672934925,1.856793807,4.994021851,3.489076044,1596.176841,4.370094021,0.847734,1.66E-09,1.56E-09,2.35E-06,1.39E-06,
   442 Eichsfeldia (A899 CA),442,N,N,9.96,62.171,0.044,11.871,0.692,Ch,C,1.181,0.070738745,2.345561248,2.179639189,6.068254581,2.511483306,1312.105009,3.592347733,1.1801,1.15E-09,8.53E-10,3.85E-06,7.16E-07,
   792 Metcalfia (A907 FC),792,N,N,10.15,61.804,0.024,9.17,0.708,X,,0.38,0.130694327,2.622321593,2.279599037,8.627668966,2.965044148,1551.055555,4.246558672,1.30384,1.08E-09,1.12E-09,2.89E-06,9.95E-07,
    77 Frigga (A862 VA),77,N,N,8.58,61.39,0.177,9.0032,0.746,Xe,MU,0.177,0.133542443,2.667440225,2.311223741,2.421201244,3.02365671,1591.257527,4.356625673,1.32478,2.10E-09,1.91E-09,4.95E-06,1.71E-06,
   307 Nike (A891 EB),307,N,N,10.06,61.313,0.043,11.857,0.669,,CX,0.789,0.1429513,2.906696288,2.491180277,6.128539503,3.3222123,1810.080588,4.955730564,1.50755,8.39E-10,1.36E-09,1.86E-06,1.27E-06,
  1356 Nyanza (1935 JH),1356,N,N,10.27,60.895,0.052,12.422,,,,0.757,0.055099249,3.081558865,2.911767286,7.944852286,3.251350445,1975.850718,5.409584445,1.92145,9.66E-10,1.98E-09,4.76E-06,1.91E-06,
   971 Alsatia (A921 WH),971,N,N,10.08,60.867,0.046,9.614,0.669,C,,0.527,0.163551143,2.639285904,2.207627678,13.79482615,3.07094413,1566.130993,4.287832973,1.22403,9.26E-10,1.15E-09,3.05E-06,1.02E-06,
  1071 Brita (A924 ER),1071,N,N,10.64,60.862,0.036,5.8169,,Xk,,0.536,0.111443084,2.79943345,2.487455951,5.361289732,3.111410948,1710.817359,4.683962653,1.50439,9.85E-10,1.75E-09,4.87E-06,1.61E-06,
   392 Wilhelmina (A894 VD),392,N,N,9.73,60.75,0.173,13.058,,Ch,,0.184,0.138206931,2.885886951,2.487037373,14.31582346,3.28473653,1790.67759,4.902608051,1.49064,1.33E-09,2.15E-09,4.62E-06,2.00E-06,
   314 Rosalia (A891 RA),314,N,N,10.14,60.689,0.043,20.465,,,,0.284,0.170690101,3.159071752,2.619849476,12.51430299,3.698294028,2050.86778,5.614969964,1.61678,1.15E-09,1.82E-09,4.00E-06,1.77E-06,
   671 Carnegia (A908 SJ),671,N,N,10.33,60.604,0.028,8.332,,Xk,,0.842,0.061307177,3.094471512,2.904758199,8.006784143,3.284184824,1988.282821,5.443621686,1.93514,7.35E-10,1.96E-09,4.21E-06,1.89E-06,
  1041 Asta (1925 FA),1041,N,N,10.3,60.571,0.047,7.978,,C,,0.199,0.146439588,3.072356721,2.622442069,13.9344256,3.522271372,1967.006907,5.385371408,1.63448,1.03E-09,1.26E-09,2.43E-06,1.21E-06,
   510 Mabella (A903 KA),510,N,N,9.74,60.45,0.062,19.4,0.735,,PD,0.777,0.19168888,2.609853606,2.109573692,9.5421147,3.110133521,1540.006833,4.21630892,1.11864,1.28E-09,1.35E-09,2.58E-06,1.20E-06,
   468 Lina (A901 BC),468,N,N,9.84,60.238,0.057,16.33,0.66,,CPF,0.518,0.194873817,3.136337948,2.525147799,0.435622664,3.747528097,2028.769495,5.554468159,1.51895,1.14E-09,3.56E-09,8.74E-06,3.45E-06,
   752 Sulamitis (A913 HG),752,N,N,10.25,60.171,0.045,27.367,,,,0.25,0.072922196,2.463100152,2.283485481,5.964264817,2.642714824,1411.957204,3.865728141,1.30118,8.78E-10,7.81E-10,3.42E-06,6.71E-07,
   541 Deborah (A904 PF),541,N,N,10.25,60.147,0.055,29.368,,B,,0.714,0.053354289,2.813586613,2.6634697,6.018308292,2.963703527,1723.807875,4.719528747,1.64567,9.42E-10,1.10E-09,4.97E-06,1.01E-06,
   479 Caprera (A901 VK),479,N,N,9.81,60.088,0.071,9.454,,C,,0.715,0.217608987,2.722095326,2.129742921,8.677435611,3.314447732,1640.413829,4.491208292,1.15945,9.24E-10,1.27E-09,2.29E-06,1.15E-06,
  1351 Uzbekistania (1934 TF),1351,N,N,10.17,60.01,0.035,74.07,,Xk,,0.18,0.069190252,3.194930879,2.973872807,9.643461882,3.415988951,2085.886278,5.710845387,2.00364,8.81E-10,2.29E-09,8.88E-06,2.24E-06,
  1030 Vitja (A924 KD),1030,N,N,10.46,59.717,0.031,6.334,,,,0.226,0.123189032,3.118637765,2.734455797,14.78039361,3.502819733,2011.619456,5.50751391,1.73373,1.05E-09,2.12E-09,3.66E-06,2.06E-06,
   287 Nephthys (A889 QA),287,N,N,8.25,59.615,0.238,7.605,0.873,,S,1.284,0.023712531,2.352920214,2.29712652,10.03368071,2.408713908,1318.28475,3.60926694,1.29209,1.89E-09,1.14E-09,1.76E-05,9.59E-07,
   638 Moira (A917 RC),638,N,N,10.09,59.594,0.06,9.8768,,Ch,,0.387,0.162281218,2.733422734,2.289839564,7.708736572,3.177005904,1650.663812,4.519271216,1.28656,7.70E-10,1.17E-09,2.93E-06,1.06E-06,
  1189 Terentia (1930 SG),1189,N,N,9.97,59.246,0.042,19.308,,Ch,,0.201,0.111160812,2.932636576,2.606642314,9.864575157,3.258630838,1834.365176,5.022218141,1.6292,7.24E-10,2.19E-09,6.91E-06,2.05E-06,
   487 Venetia (A902 NC),487,N,N,8.42,59.046,0.328,13.34,0.852,,S,0.458,0.08623071,2.669459303,2.439269931,10.25348892,2.899648676,1593.064586,4.361573131,1.47135,2.59E-09,2.08E-09,6.70E-06,1.86E-06,
   932 Hooveria (A920 FC),932,N,N,10.04,58.978,0.051,78.44,0.673,,CB,0.804,0.09125474,2.419281096,2.198510229,8.109630089,2.640051964,1374.446769,3.76303017,1.21944,1.23E-09,1.06E-09,3.60E-06,9.03E-07,
   152 Atala (A875 VB),152,N,N,8.36,58.964,0.257,6.246,0.882,S,I,0.51,0.082687813,3.136202301,2.876876592,12.12490202,3.39552801,2028.637879,5.554107814,1.91518,1.62E-09,3.87E-09,1.37E-05,3.75E-06,
   438 Zeuxo (A898 VG),438,N,N,10.18,58.871,0.061,8.831,0.611,,F:,0.226,0.066755872,2.555337478,2.384753696,7.363893502,2.72592126,1492.006873,4.084892191,1.37151,1.01E-09,7.75E-10,3.87E-06,6.78E-07,
   954 Li (A921 PC),954,N,N,10.16,58.771,0.06,7.207,0.625,,FCX,0.474,0.173666135,3.128560966,2.585235874,1.172665122,3.671886057,2021.228254,5.533821367,1.56976,7.01E-10,2.20E-09,5.90E-06,2.13E-06,
   820 Adriana (A916 FJ),820,N,N,10.37,58.65,0.0204,12.42,,,,2.5,0.053501985,3.134392181,2.966695977,5.94999225,3.302088386,2026.881832,5.549300019,1.95215,1.06E-09,2.60E-09,4.57E-06,2.52E-06,
   744 Aguntina (A913 DE),744,N,N,10.36,58.636,0.031,17.47,0.657,,FX:,0.264,0.111933366,3.179828398,2.823899501,7.719961617,3.535757295,2071.113752,5.670400415,1.83251,8.49E-10,1.72E-09,4.48E-06,1.68E-06,
    64 Angelina (A861 EA),64,N,N,7.72,58.292,0.483,8.752,0.734,Xe,E,1.082,0.126549921,2.680924509,2.341653725,1.305823278,3.020195292,1603.338807,4.389702415,1.3559,2.22E-09,2.37E-09,4.62E-06,2.13E-06,
   874 Rotraut (A917 KK),874,N,N,10.24,58.287,0.054,14.297,,,,0.198,0.080019622,3.152444939,2.900187488,11.14159804,3.40470239,2044.41798,5.597311374,1.89776,1.20E-09,2.33E-09,3.21E-06,2.27E-06,
   764 Gedania (A913 SF),764,N,N,9.67,58.28,0.084,24.968,0.737,,C,1.4,0.092301037,3.195735407,2.900765714,9.999752699,3.490705099,2086.67421,5.713002628,1.91547,1.19E-09,3.23E-09,1.04E-05,3.16E-06,
  1023 Thomana (A924 MC),1023,N,N,10.15,58.27,0.0649,17.56,0.764,,G,1.6,0.09568407,3.17236147,2.868817012,10.05938176,3.475905927,2063.822898,5.650439145,1.87404,7.42E-10,2.58E-09,8.49E-06,2.52E-06,
  2193 Jackson (1926 KB),2193,N,N,10.79,58.265,0.036,4.7541,,,,0.613,0.074637328,3.105764238,2.873958293,11.67459621,3.337570184,1999.176574,5.473447158,1.87075,8.72E-10,1.51E-09,2.45E-06,1.46E-06,
   224 Oceana (A882 FA),224,N,N,8.68,58.236,0.166,9.401,0.748,,M,0.822,0.044743756,2.645075464,2.526724854,5.844821719,2.763426074,1571.287036,4.301949448,1.51702,1.65E-09,2.55E-09,1.34E-05,2.27E-06,
   838 Seraphina (A916 SL),838,N,N,10.26,58.095,0.048,11.69,0.703,,P,0.496,0.130835469,2.899107968,2.519801818,10.42207653,3.278414118,1802.99703,4.936336837,1.53652,7.77E-10,1.00E-09,2.36E-06,9.35E-07,
  1062 Ljuba (1925 TD),1062,N,N,9.84,58.031,0.06,33.8,0.72,,,1.315,0.07243978,3.007896822,2.790005437,5.596712104,3.225788207,1905.429256,5.216780988,1.81239,1.19E-09,1.44E-09,4.32E-06,1.37E-06,
   207 Hedda (A879 UA),207,N,N,10.25,57.88,0.058,30.098,0.722,Ch,C,0.149,0.028484663,2.28406695,2.219006072,3.799517665,2.349127828,1260.844916,3.452005245,1.20852,1.39E-09,1.08E-09,7.64E-06,8.95E-07,
    82 Alkmene (A864 WA),82,N,N,8.26,57.621,0.167,12.999,0.814,Sq,S,0.714,0.221103398,2.763971493,2.152848004,2.825140389,3.375094982,1678.412735,4.595243629,1.16804,2.53E-09,1.92E-09,4.14E-06,1.75E-06,
   235 Carolina (A883 WA),235,N,N,8.98,57.517,0.177,17.61,0.897,,S,0.185,0.0601369,2.881647683,2.708354325,9.029523656,3.054941041,1786.733375,4.891809376,1.69425,1.39E-09,1.88E-09,6.64E-06,1.75E-06,
   611 Valeria (A906 SM),611,N,N,9.47,57.468,0.124,6.977,0.817,L,S,0.18,0.124793496,2.978507099,2.606808784,13.44394877,3.350205414,1877.571075,5.140509447,1.66157,1.05E-09,1.82E-09,5.04E-06,1.72E-06,
   119 Althaea (A872 GA),119,N,N,8.33,57.3,0.2306,11.484,0.874,Sl,S,1.1,0.081873975,2.580817835,2.369516019,5.786828662,2.792119651,1514.378565,4.146142547,1.36941,1.54E-09,1.28E-09,6.11E-06,1.13E-06,
   255 Oppavia (A886 FB),255,N,N,10.52,56.939,0.038,19.499,0.764,,X,0.474,0.078962205,2.74659021,2.529713392,9.460609648,2.963467029,1662.60556,4.551965941,1.53758,9.83E-10,1.38E-09,3.04E-06,1.25E-06,
    67 Asia (A861 HA),67,N,N,8.38,56.309,0.228,15.853,0.861,S,S,0.396,0.185714287,2.422211935,1.972372571,6.024430014,2.872051298,1376.945136,3.769870325,0.966816,2.11E-09,1.42E-09,3.76E-06,1.21E-06,
   316 Goberta (A891 RC),316,N,N,10.16,56.067,0.061,8.605,,,,0.642,0.127550219,3.184525053,2.778338187,2.346968422,3.59071192,2075.704045,5.682967955,1.79435,1.26E-09,3.08E-09,6.73E-06,3.01E-06,
   267 Tirza (A887 KB),267,N,N,10.23,55.998,0.051,7.648,,D,DU,0.637,0.102567978,2.772929772,2.488515973,6.009813159,3.057343572,1686.579173,4.617602115,1.47145,8.49E-10,1.13E-09,3.28E-06,1.03E-06,
   891 Gunhild (A918 KB),891,N,N,9.97,55.747,0.065,11.892,,,,0.321,0.025918802,2.860854374,2.786704455,13.54635581,2.935004293,1767.429315,4.838957741,1.82342,1.43E-09,2.24E-09,9.23E-06,2.07E-06,
   402 Chloe (A895 FB),402,N,N,9.1,55.421,0.164,10.664,0.808,K,S,1.758,0.111406215,2.558965214,2.273880584,11.83877174,2.844049844,1495.185237,4.093594078,1.28841,1.34E-09,1.56E-09,4.32E-06,1.37E-06,
   222 Lucia (A882 CA),222,N,N,9.61,55.35,0.128,7.8371,0.688,,BU,1.037,0.130703069,3.150292056,2.738539215,2.140803662,3.562044897,2042.324061,5.591578539,1.721,1.05E-09,2.64E-09,6.79E-06,2.57E-06,
   778 Theobalda (A914 BG),778,N,N,9.88,55.317,0.079,11.659,0.617,,F,0.797,0.256862337,3.17844811,2.362024501,13.71724942,3.994871718,2069.765365,5.666708735,1.3997,1.02E-09,2.79E-09,6.62E-06,2.72E-06,
   417 Suevia (A896 JB),417,N,N,9.67,54.874,0.072,7.034,0.755,Xk,X,0.494,0.134952223,2.800181479,2.422290765,6.645356661,3.178072194,1711.50312,4.685840164,1.42251,1.15E-09,1.32E-09,3.35E-06,1.21E-06,
   142 Polana (A875 BA),142,N,N,10.53,54.812,0.047,9.764,0.621,B,F,0.277,0.132763333,2.419144708,2.097970994,2.242569382,2.740318422,1374.330543,3.76271196,1.08877,2.06E-08,4.07E-09,4.12E-05,3.47E-06,
   558 Carmen (A905 CK),558,N,N,9.04,54.811,0.131,11.387,0.733,,M,0.373,0.038309235,2.908682275,2.797252883,8.373423611,3.020111667,1811.935999,4.960810401,1.82025,1.25E-09,2.46E-09,1.20E-05,2.30E-06,
  1731 Smuts (1948 PH),1731,N,N,10.52,54.784,0.058,12.5,,,,0.236,0.128266563,3.16506998,2.759097331,5.931581157,3.571042629,2056.711621,5.630969531,1.75364,9.64E-10,1.85E-09,4.92E-06,1.81E-06,
   232 Russia (A883 BA),232,N,N,10.58,54.73,0.031,21.905,0.709,,C,0.957,0.171524317,2.554708445,2.116513824,6.066110817,2.992903066,1491.455989,4.083383953,1.11862,9.38E-10,1.07E-09,1.86E-06,9.41E-07,
   198 Ampella (A879 LA),198,N,N,8.54,54.323,0.268,10.379,0.885,S,S,0.343,0.227216549,2.459068968,1.900327802,9.323210542,3.017810134,1408.492345,3.856241875,0.922717,1.66E-09,1.17E-09,3.83E-06,1.01E-06,
   609 Fulvia (A906 SL),609,N,N,10.41,54.17,0.0602,35.375,,,,2.8,0.038254474,3.08598331,2.96793064,4.187859412,3.204035979,1980.107579,5.421239095,1.9536,8.58E-10,1.62E-09,6.78E-06,1.56E-06,
   584 Semiramis (A906 AC),584,N,N,8.48,54.01,0.1987,5.068,0.916,Sl,S,1.4,0.233046566,2.373773599,1.820573813,10.71984377,2.926973386,1335.849001,3.657355239,0.855571,2.64E-09,1.61E-09,3.41E-06,1.36E-06,
  1436 Salonta (1936 YA),1436,N,N,10.28,53.769,0.028,8.87,,,,0.269,0.060475125,3.147740871,2.957380849,13.88906402,3.338100893,2039.843677,5.584787615,1.94816,1.29E-09,2.44E-09,4.36E-06,2.38E-06,
   934 Thuringia (A920 PA),934,N,N,10.18,53.714,0.047,8.166,,Ch,,0.361,0.215658994,2.748996246,2.15615048,14.08160737,3.341842011,1664.790723,4.55794859,1.19995,1.07E-09,1.61E-09,3.22E-06,1.46E-06,
  3754 Kathleen (1931 FM),3754,N,N,10.5,53.699,0.061,11.18,,,,0.248,0.106339705,3.162160167,2.825896989,8.45541114,3.498423346,2053.876011,5.623206053,1.84394,7.10E-10,1.62E-09,5.66E-06,1.58E-06,
  1072 Malva (1926 TA),1072,N,N,10.79,53.675,0.032,10.08,,,,0.343,0.237081464,3.171353438,2.419484322,8.019869649,3.923222554,2062.839293,5.647746182,1.43457,8.96E-10,1.99E-09,1.86E-06,1.94E-06,
   403 Cyane (A895 KA),403,N,N,9.03,53.574,0.173,12.283,,S,S,0.635,0.097850582,2.811519018,2.536410246,9.153301225,3.08662779,1721.908085,4.714327406,1.56834,1.17E-09,1.96E-09,6.70E-06,1.80E-06,
   446 Aeternitas (A899 UB),446,N,N,8.85,53.562,0.317,15.7413,1.026,A,A,0.595,0.124596415,2.787517009,2.440202384,10.61499924,3.134831635,1699.905253,4.654086936,1.45483,1.95E-09,2.44E-09,6.07E-06,2.23E-06,
   492 Gismonda (A902 RF),492,N,N,9.98,53.418,0.069,6.488,,,,0.151,0.183019347,3.108576143,2.539646566,1.612774165,3.67750572,2001.892218,5.480882185,1.53085,1.23E-09,2.33E-09,2.27E-06,2.25E-06,
   563 Suleika (A905 GD),563,N,N,8.4,53.29,0.2477,5.69,0.887,Sl,S,1.1,0.236357696,2.71172735,2.070789723,10.2474386,3.352664978,1631.050692,4.465573422,1.08798,1.78E-09,1.46E-09,2.79E-06,1.31E-06,
  1165 Imprinetta (1930 HM),1165,N,N,10.71,53.187,0.048,10.797,,,,0.325,0.210145852,3.128700099,2.471216752,12.79684216,3.786183447,2021.363088,5.534190521,1.49576,9.33E-10,1.31E-09,1.65E-06,1.27E-06,
   301 Bavaria (A890 WA),301,N,N,10.49,53.042,0.057,12.253,,C,,0.426,0.065557637,2.724623302,2.546003438,4.898390716,2.903243167,1642.699507,4.497466138,1.53243,1.22E-09,1.24E-09,3.00E-06,1.12E-06,
  1637 Swings (A907 GX),1637,N,N,10.45,52.994,0.042,10.264,,,,0.428,0.051348828,3.067905177,2.910371841,14.08121778,3.225438514,1962.733456,5.373671338,1.92253,7.15E-10,1.70E-09,8.44E-06,1.63E-06,
   371 Bohemia (A893 OA),371,N,N,8.74,52.976,0.234,10.7391,0.822,S,QSV,0.622,0.062142386,2.727395351,2.557908497,7.402211493,2.896882206,1645.207084,4.504331509,1.54126,1.64E-09,2.31E-09,6.42E-06,2.09E-06,
   284 Amalia (A889 KA),284,N,N,10.3,52.95,0.0602,8.545,0.698,Ch,CX,2.6,0.22205454,2.359843405,1.835829463,8.043827211,2.883857347,1324.107374,3.625208417,0.833337,1.05E-09,8.26E-10,2.24E-06,6.95E-07,
    33 Polyhymnia (A854 UB),33,N,N,8.47,52.929,0.24,18.608,0.848,Sq,S,2.304,0.33326692,2.874150507,1.91629122,1.852031938,3.832009794,1779.765101,4.872731284,0.908422,1.70E-09,1.60E-09,2.41E-06,1.49E-06,
   138 Tolosa (A874 KA),138,N,N,9.02,52.905,0.273,10.101,0.877,,S,1.048,0.161885579,2.451144098,2.054339216,3.198844169,2.847948981,1401.689086,3.837615568,1.04213,1.57E-09,1.68E-09,3.94E-06,1.44E-06,
   253 Mathilde (A885 VA),253,N,N,10.35,52.8,0.0436,417.7,,Cb,,,0.264370003,2.646519094,1.946858832,6.740899232,3.346179356,1572.573577,4.305471806,0.938539,9.28E-10,7.68E-10,1.72E-06,6.84E-07,
   845 Naema (A916 WM),845,N,N,10.12,52.677,0.041,20.892,,C,,0.291,0.068515672,2.939588336,2.738180465,12.61252643,3.140996207,1840.891533,5.040086332,1.7595,1.06E-09,1.66E-09,6.33E-06,1.56E-06,
   987 Wallia (A922 UB),987,N,N,9.64,52.651,0.144,10.0813,,,,0.357,0.237971013,3.134623636,2.388674075,8.91028392,3.880573197,2027.106344,5.5499147,1.37938,1.17E-09,2.46E-09,5.51E-06,2.38E-06,
   527 Euryanthe (A904 FC),527,N,N,10.41,52.627,0.039,42.75,,Cb,,0.36,0.151876134,2.724518349,2.310729035,9.661056401,3.138307664,1642.604592,4.497206275,1.2999,7.73E-10,1.02E-09,2.13E-06,9.26E-07,
   846 Lipperta (A916 WN),846,N,N,10.36,52.41,0.0506,1641,0.61,,CBU:,1.4,0.174841773,3.134320987,2.586310749,0.264858947,3.682331226,2026.812775,5.549110951,1.59117,8.63E-10,2.75E-09,7.16E-06,2.66E-06,
   166 Rhodope (A876 PB),166,N,N,9.88,52.393,0.046,4.715,0.725,Xe,GC:,0.196,0.210272521,2.687092262,2.122070597,12.02287161,3.252113927,1608.874967,4.404859594,1.1667,9.51E-10,1.29E-09,2.28E-06,1.16E-06,
  1149 Volga (1929 PF),1149,N,N,10.53,52.377,0.038,27.262,0.69,,,0.365,0.098379517,2.896350964,2.611409355,11.76199784,3.181292574,1800.425711,4.929296949,1.63976,8.99E-10,1.33E-09,2.15E-06,1.24E-06,
   294 Felicia (A890 NA),294,N,N,10.28,51.865,0.095,10.4227,,,,0.514,0.23255756,3.157283574,2.42303341,6.265877007,3.891533738,2049.1267,5.610203148,1.40914,6.37E-10,1.63E-09,1.36E-06,1.59E-06,
   591 Irmgard (A906 EE),591,N,N,10.63,51.86,0.0364,7.35,0.693,,X,1.3,0.210029982,2.677957633,2.115506238,12.4513073,3.240409027,1600.678014,4.38241756,1.13102,8.88E-10,9.60E-10,1.86E-06,8.61E-07,
  1254 Erfordia (1932 JA),1254,N,N,10.69,51.54,0.032,12.287,,,,0.112,0.02458047,3.135875661,3.058794362,7.091959681,3.212956959,2028.320959,5.553240134,2.07209,9.22E-10,1.32E-09,8.91E-06,1.28E-06,
   270 Anahita (A887 TA),270,N,N,8.87,51.4,0.211,15.06,0.866,,S,1.495,0.150776801,2.198336238,1.866878133,2.36735832,2.529794343,1190.527977,3.259487958,0.857343,1.97E-09,9.55E-10,3.10E-06,7.76E-07,
   665 Sabine (A908 OE),665,N,N,8.63,51.09,0.3895,4.294,,,,2.4,0.172321602,3.144226635,2.602408465,14.74816765,3.686044805,2036.428613,5.57543768,1.60574,2.19E-09,3.66E-09,4.83E-06,3.56E-06,
   743 Eugenisis (A913 DD),743,N,N,10.28,51.072,0.068,10.23,,Ch,,0.293,0.059160864,2.792330362,2.627133686,4.840508586,2.957527039,1704.310128,4.666146825,1.63722,8.00E-10,1.13E-09,3.35E-06,1.04E-06,
   816 Juliana (A916 CE),816,N,N,10.46,50.745,0.043,10.557,,,,0.25,0.103531817,3.005168922,2.694038322,14.32443774,3.316299521,1902.837757,5.20968585,1.71067,8.33E-10,1.23E-09,2.65E-06,1.17E-06,
   269 Justitia (A887 SA),269,N,N,9.7,50.728,0.061,33.128,,Ld,,0.236,0.216596047,2.613111734,2.047122063,5.477935038,3.179101405,1542.891537,4.22420681,1.03577,1.39E-09,1.26E-09,2.67E-06,1.12E-06,
   868 Lova (A917 HB),868,N,N,10.45,50.692,0.056,41.118,0.711,Ch,C:,0.191,0.146112401,2.70445575,2.309301226,5.836972363,3.099610273,1624.494506,4.447623561,1.32571,1.15E-09,1.64E-09,3.19E-06,1.48E-06,
  1135 Colchis (1929 TA),1135,N,N,10.78,50.592,0.057,23.467,,Xk,,0.953,0.113705777,2.665681536,2.362578147,4.540767699,2.968784925,1589.684071,4.352317786,1.35631,1.05E-09,1.21E-09,3.79E-06,1.09E-06,
   448 Natalie (A899 UC),448,N,N,10.2,50.534,0.052,8.0646,0.66,,C,0.249,0.186828643,3.134265816,2.548695187,12.72946883,3.719836445,2026.75926,5.548964436,1.57077,6.56E-10,1.94E-09,5.06E-06,1.89E-06,
   338 Budrosa (A892 SF),338,N,N,8.59,50.506,0.276,4.6084,0.704,Xk,M,0.479,0.017591816,2.913290744,2.862040671,6.038359374,2.964540818,1816.243907,4.972604812,1.87504,2.68E-09,3.67E-09,2.49E-05,3.43E-06,
  1961 Dufour (1973 WA),1961,N,N,10.82,50.31,0.0402,15.79,,,,1.6,0.12648705,3.190846409,2.78724566,6.648710644,3.594447158,2081.887593,5.699897584,1.80986,9.00E-10,1.39E-09,3.04E-06,1.36E-06,
   774 Armor (A913 YE),774,N,N,9.05,50.214,0.189,25.194,,,,0.457,0.164943531,3.051407166,2.548097293,5.562572993,3.55471704,1946.922525,5.330383367,1.53177,1.53E-09,2.47E-09,2.87E-06,2.36E-06,
   113 Amalthea (A871 EA),113,N,N,8.54,50.137,0.224,9.95,0.925,S,S,1.265,0.086165969,2.376479402,2.171707752,5.042451701,2.581251053,1338.133701,3.663610407,1.17375,1.86E-09,1.54E-09,7.41E-06,1.30E-06,
   248 Lameia (A885 LA),248,N,N,10.29,50.12,0.062,11.912,0.83,,,0.311,0.067899321,2.470510814,2.302764807,4.0652505,2.638256821,1418.334169,3.883187322,1.28616,9.67E-10,8.23E-10,4.29E-06,7.08E-07,
   261 Prymno (A886 UA),261,N,N,9.54,50.011,0.137,8.002,0.7,X,B,0.525,0.090406873,2.331033904,2.120292418,3.633978175,2.541775391,1299.934028,3.559025401,1.13047,1.52E-09,1.15E-09,4.58E-06,9.58E-07,
